Time (s),Latitude (째),Longitude (째),Height (m),Velocity (m/s),Direction (째),Horizontal Accuracy (m),Vertical Accuracy (째)
0.008250951767,32.11190042,118.9519867,14.4882372,0.5803658526,95.9545389,4.732617599,4.732617599
0.6066744328,32.11191138,118.9520595,6.506691933,1.649999976,78.75,5.456218988,5.456218988
1.211674333,32.11191096,118.9520787,6.495461464,1.659999967,72.421875,5.518360771,5.518360771
2.211674333,32.11191318,118.9520972,8.67356205,1.649999976,73.4765625,4.99388858,4.99388858
3.211674929,32.11191766,118.9521092,7.22547245,1.070000052,76.2890625,3.535533906,3.535533906
4.211675882,32.11192223,118.9521211,5.748543739,1.070000052,81.9140625,3.535533906,3.535533906
5.211675525,32.11192693,118.9521333,4.903389931,1.0,79.1015625,3.535533906,3.535533906
6.211645484,32.11193212,118.952146,4.603157997,1.24000001,80.15625,3.535533906,3.535533906
7.211645126,32.11193698,118.9521602,4.075295448,1.24000001,81.5625,3.535533906,3.535533906
8.211645722,32.11194101,118.9521741,4.190255165,1.25,81.5625,3.535533906,3.535533906
9.21164155,32.1119444,118.9521879,4.258339882,1.25,82.265625,3.535533906,3.535533906
10.21163905,32.11194667,118.9522011,3.924141884,1.230000019,83.671875,3.535533906,3.535533906
11.21163571,32.11194838,118.952214,3.582497597,1.230000019,86.8359375,3.535533906,3.535533906
12.21163261,32.11194952,118.9522276,3.362374306,1.230000019,88.59375,3.535533906,3.535533906
13.21163011,32.11194979,118.9522407,3.362374436,1.230000019,88.59375693,4.574580329,4.574580329
14.21162736,32.11195167,118.9522553,3.941384456,1.289999962,85.78125725,4.574580291,4.574580291
15.21162724,32.11195494,118.9522676,3.936257504,1.289999962,80.15625716,4.574580257,4.574580257
16.21162617,32.1119585,118.9522816,3.884804891,1.399999976,78.04688271,4.574580218,4.574580218
17.21162462,32.11196113,118.9522948,3.406624959,1.399999976,79.45313275,4.574580182,4.574580182
18.2116226,32.11196247,118.9523056,3.302559985,1.24000001,81.56250691,4.574580151,4.574580151
19.21162152,32.11196441,118.9523183,3.463265551,1.24000001,80.8593819,4.574580117,4.574580117
20.21162009,32.11196617,118.9523323,3.606515067,1.25999999,81.21094451,4.57458008,4.57458008
21.21161878,32.11196852,118.952348,3.592477011,1.409999967,81.21094535,4.57458004,4.57458004
22.21161723,32.11197138,118.9523615,3.065591025,1.409999967,79.80469532,4.574580002,4.574580002
23.21161664,32.1119727,118.9523725,3.077706479,1.289999962,80.85938217,4.574579972,4.574579972
24.2116152,32.11197375,118.9523844,3.34406389,1.230000019,81.91406936,4.57457994,4.57457994
25.21161485,32.11197359,118.9523982,3.94712175,1.230000019,85.78125691,4.574579906,4.574579906
26.21161354,32.11197421,118.9524149,3.875313928,1.419999957,85.42969547,4.574579867,4.574579867
27.21161318,32.11197439,118.9524286,4.064828089,1.419999957,86.13282048,4.574579834,4.574579834
28.21161258,32.11197398,118.95244,3.988076348,1.269999981,87.53906965,4.574579804,4.574579804
29.21161258,32.111973,118.9524531,3.885567801,1.269999981,90.35156965,4.574579774,4.574579774
30.21161127,32.11197251,118.9524663,3.801400322,1.269999981,91.75781965,4.574579742,4.574579742
31.21161079,32.111972,118.952482,4.268014134,1.460000038,92.46094572,4.574579707,4.574579707
32.21161139,32.11197162,118.9524956,4.109658419,1.460000038,91.75782072,4.574579675,4.574579675
33.21161115,32.11197261,118.9525089,4.312356168,1.440000057,90.00000811,4.574579641,4.574579641
34.21161425,32.11196317,118.9525436,6.451873058,1.278195338,88.23900017,4.733671693,4.733671693
35.21161211,32.11196405,118.9525561,6.248736031,1.366782183,89.35186699,4.741149142,4.741149142
36.21160984,32.11196271,118.95257,6.152153074,1.203883181,87.33285443,4.732421449,4.732421449
37.2116096,32.11196178,118.9525851,6.350167731,1.393736509,90.36529664,4.69814684,4.69814684
38.21160936,32.1119611,118.9525963,6.652234065,1.17067602,92.45651835,4.703293051,4.703293051
39.2116096,32.1119623,118.952609,6.385345192,1.205717326,88.54170768,4.703902247,4.703902247
40.21160936,32.11196386,118.9526244,6.455623306,1.334502373,86.91101128,4.704506154,4.704506154
41.21160913,32.11196909,118.9526364,6.421006878,1.310296223,79.35667004,4.705602057,4.705602057
42.21160936,32.11197202,118.9526472,6.488432695,1.198420912,76.12377989,4.70688536,4.70688536
43.21160865,32.11197335,118.9526592,6.450499529,1.16859897,78.6573332,4.70728991,4.70728991
44.21160984,32.11197249,118.9526741,6.392747444,1.268172714,86.3075466,4.707508572,4.707508572
45.21160913,32.1119733,118.9526904,6.420854397,1.396792565,88.34826937,4.708392226,4.708392226
46.2116096,32.11197425,118.9527029,6.504921381,1.302405126,86.71442659,4.709261859,4.709261859
47.21160972,32.11197552,118.9527131,6.369850616,1.117791406,85.48180135,4.710055383,4.710055383
48.21160936,32.11197645,118.9527249,6.431026506,1.127649441,86.26466668,4.710700022,4.710700022
49.21160936,32.11197867,118.9527369,6.310222499,1.142990985,84.54699982,4.71111729,4.71111729
50.21160948,32.11198008,118.9527497,6.299884712,1.154338983,83.32382223,4.710424833,4.710424833
51.21160936,32.1119845,118.952761,6.286015899,1.129351369,76.46517381,4.710709058,4.710709058
52.21161067,32.11198714,118.9527745,6.372621459,1.207288357,77.25335773,4.711266642,4.711266642
53.21160972,32.11199167,118.9527886,6.540419102,1.363997557,73.58636368,4.711069142,4.711069142
54.21161282,32.11199398,118.9528039,6.609237165,1.402917988,74.31202987,4.711544877,4.711544877
55.2116102,32.1119953,118.9528161,6.595799114,1.288763035,77.69969468,4.711792557,4.711792557
56.21161079,32.11199748,118.9528289,6.606442023,1.276642856,79.12627152,4.712250259,4.712250259
57.21161115,32.11199748,118.9528395,6.511995764,1.129827614,83.68961674,4.712218536,4.712218536
58.21161187,32.11199794,118.952853,6.480715339,1.206726219,86.49574151,4.712672245,4.712672245
59.21161151,32.11228898029235,118.95284244803501,,,118.64689934310984,,
60.21161187,32.11229517838038,118.95284326609061,,,115.00699654504267,,
61.21161222,32.112300025872415,118.95284373445686,,,110.78118943949913,,
62.21161175,32.11230380489308,118.95284399063011,,,106.93698671651497,,
63.21161473,32.11230742695924,118.9528442697186,,,105.8623690147888,,
64.2116133,32.1123128239278,118.9528445278332,,,103.05731321666684,,
65.2116133,32.1123187893799,118.95284476833906,,,100.56868183972117,,
66.21161318,32.11232265525814,118.95284510050978,,,97.01390154625619,,
67.21161354,32.11232667877354,118.95284553323768,,,93.88410905552064,,
68.21161366,32.112330969860544,118.95284594118374,,,95.18759407884772,,
69.21161377,32.112333992875406,118.95284616893375,,,93.94268729576257,,
70.21161449,32.11233753591676,118.95284645350874,,,93.64878840058746,,
71.21161461,32.1123437102612,118.95284706615065,,,91.79034160205774,,
72.21161819,32.112349801177956,118.95284770754647,,,87.56484960887875,,
73.2116158,32.11235638542766,118.95284857633342,,,87.48990186476013,,
74.2116158,32.11236189001033,118.95284932317306,,,88.34823271578354,,
75.21161675,32.112365717643826,118.95284983441074,,,86.6993411630989,,
76.21161628,32.11237178540665,118.95285081450496,,,86.98993163252122,,
77.21161652,32.112378485339725,118.95285154891353,,,88.09082848433184,,
78.21161759,32.11238487280211,118.95285233293006,,,85.7918055206871,,
79.21161795,32.112391380911404,118.95285312726342,,,86.30889781816875,,
80.21161795,32.11239832230728,118.95285386311137,,,87.07162631459177,,
81.21161854,32.11240373796858,118.95285450183673,,,88.59729422801459,,
82.2116189,32.112406647955204,118.95285480266267,,,88.43438162265042,,
83.21161938,32.11241100583008,118.95285521656604,,,86.32634420346096,,
84.2116189,32.11241816738822,118.95285602469627,,,85.58594299405644,,
85.21162009,32.112424583365765,118.9528569886979,,,86.24426575800466,,
86.21162021,32.11242939653008,118.95285774141938,,,89.28459070293327,,
87.21162117,32.11243265041219,118.95285816383797,,,90.74543063820865,,
88.21162069,32.11243568244627,118.95285845629782,,,90.17619301831667,,
89.21162105,32.112441167968576,118.952859110237,,,89.93575931819873,,
90.211622,32.11244737691333,118.95285990849901,,,90.37016005197216,,
91.21162224,32.11245109604475,118.95286029974044,,,88.53010536590878,,
92.21162248,32.11245692696991,118.95286085296729,,,90.35552027224199,,
93.21162283,32.112464119275366,118.95286150226312,,,92.03621955231584,,
94.21162295,32.11247068680578,118.9528620740956,,,89.6058316984642,,
95.21162355,32.112477705560984,118.95286286018805,,,89.79824844911694,,
96.21162379,32.112483827386505,118.95286367729774,,,89.4361463597481,,
97.21162391,32.11248806312961,118.95286410801423,,,88.97963524939333,,
98.2116245,32.11249436806892,118.95286447831106,,,89.78211653719823,,
99.21162534,32.11250127994708,118.95286493201877,,,91.01912784293002,,
100.2116255,32.11250650297214,118.95286542819578,,,90.31781485222638,,
101.2116255,32.11251061001481,118.9528659548473,,,89.95502639081987,,
102.2116264,32.112515128126496,118.95286651763288,,,88.94423786673661,,
103.2116266,32.11251938462514,118.95286696027648,,,90.33970346148683,,
104.2116269,32.11252372413093,118.95286734289124,,,90.88605309503541,,
105.2116274,32.112530219774214,118.95286803628944,,,90.73362171174509,,
106.2116278,32.112535597393936,118.95286878347649,,,90.45642174799279,,
107.2116274,32.11253941897763,118.95286928698121,,,89.39622529881368,,
108.2116276,32.1125440379653,118.952869467705,,,89.8475242227555,,
109.211629,32.11254866957845,118.95286932856527,,,89.59882277915612,,
110.2116289,32.11255364764155,118.95286928268656,,,87.35645247877329,,
111.2116292,32.11256023187219,118.95286975387839,,,85.79856905111328,,
112.2116303,32.11256662887743,118.95286983220579,,,84.05733261891373,,
113.2116302,32.1125715305664,118.95286968048478,,,84.7637765529456,,
114.2116305,32.11257720218307,118.95286942530709,,,84.4441246015615,,
115.2116305,32.11258533391678,118.95286912473405,,,83.48784837602881,,
116.2116318,32.11259255485608,118.95286896771489,,,85.94798873480946,,
117.2116323,32.11259691837014,118.95286868827975,,,82.83659599640876,,
118.2116321,32.11260348958418,118.95286832474277,,,82.30054557506097,,
119.2116352,32.11260922470045,118.95286816530516,,,83.31034030565885,,
120.2116328,32.11261340741606,118.95286813190295,,,84.17300650258514,,
121.2116333,32.11262054803234,118.95286789369113,,,86.042046516406,,
122.2116333,32.11262585896924,118.95286783759262,,,86.61664529733011,,
123.2116338,32.1126293169596,118.95286787847185,,,87.0503744130589,,
124.2116339,32.11263363813026,118.95286776847067,,,87.8596744153672,,
125.2116344,32.11264114100857,118.95286744507848,,,86.17886960043455,,
126.211635,32.112646754095444,118.95286736259497,,,86.13369324068594,,
127.2116357,32.112649279478106,118.95286757981546,,,86.19288385215545,,
128.2116364,32.11265275286616,118.95286771803856,,,85.32816885980814,,
129.2116364,32.11265770886083,118.9528676396602,,,84.7819554735315,,
130.2116363,32.112662050862674,118.95286742086714,,,85.2349051818312,,
131.211637,32.112667949694206,118.9528670051894,,,86.09995917925784,,
132.2115895,32.112674240528946,118.95286657237328,,,84.65045040914849,,
133.2115891,32.11267839660708,118.95286635703022,,,84.57717271853349,,
134.2115891,32.11268470650214,118.95286612100065,,,84.64006455527536,,
135.2115911,32.11269245571771,118.95286565752171,,,82.39095248693037,,
136.2115887,32.11269977452462,118.95286507820242,,,84.01365518023114,,
137.2115854,32.11270563088862,118.95286488355538,,,84.8238508553016,,
138.2115837,32.112709752330574,118.95286503858576,,,84.37350148900687,,
139.2115828,32.11271300635051,118.95286502963131,,,85.44155848444449,,
140.2115803,32.112716556717615,118.95286482117871,,,83.86854901019869,,
141.2115816,32.112721249782055,118.95286452663662,,,83.38895826942974,,
142.2115831,32.11272568256857,118.95286436882584,,,84.92264890576374,,
143.2115837,32.112728950318704,118.95286444597991,,,85.65371226476358,,
144.2115848,32.112732612249644,118.95286454851068,,,83.18273016376341,,
145.2115849,32.112737403710526,118.95286456484351,,,84.00862362777733,,
146.2115859,32.11274138629883,118.95286470532359,,,83.0534669884791,,
147.2115862,32.11274433344854,118.9528649726147,,,83.63964188866721,,
148.211587,32.112747817032975,118.95286515613563,,,83.36162740101527,,
149.2115878,32.11275253646152,118.95286530175672,,,82.83669595463466,,
150.2115885,32.11275820635308,118.95286553708334,,,86.14853882207359,,
151.2115892,32.11276498516665,118.95286512944894,,,85.61653835592396,,
152.2115896,32.11277197258233,118.9528652428901,,,84.52761673561061,,
153.2115902,32.11277824221302,118.95286514953376,,,86.17398275746763,,
154.2115908,32.112785422040396,118.95286474059475,,,84.88890748433846,,
155.211591,32.11279198667175,118.9528644864382,,,83.89296600723486,,
156.211592,32.11279792864821,118.95286416648395,,,85.39510187977761,,
157.2115923,32.11280455133906,118.95286392242201,,,85.65708127007134,,
158.2115936,32.11281118810395,118.95286400987662,,,87.33518288196193,,
159.2115934,32.11281809810468,118.9528642092774,,,86.19019119203034,,
160.2115942,32.11282387922583,118.95286433953801,,,85.02621960619724,,
161.2115945,32.112828110792535,118.95286448989869,,,86.15701193746918,,
162.2115955,32.11283388848751,118.95286486191505,,,84.8701366878059,,
163.2115973,32.112840701510315,118.95286527595752,,,84.62970628226807,,
164.2115964,32.11284733772503,118.9528657444442,,,85.22604420311538,,
165.2115963,32.112853491706055,118.9528662468166,,,83.28884590422567,,
166.2115973,32.11285798988359,118.95286649221843,,,83.3494801461072,,
167.2115972,32.112862165155825,118.95286683222999,,,83.8036853740046,,
168.2115982,32.11286670351809,118.95286713272593,,,88.78506159050036,,
169.2115978,32.11287145372707,118.95286717774758,,,89.96723920255997,,
170.2115992,32.11287546193762,118.95286724649429,,,87.6375132884922,,
171.2115989,32.11288017233897,118.95286718400828,,,87.1980038178194,,
172.2115999,32.11288747949946,118.95286668651183,,,89.95668755294064,,
173.2116001,32.11289381730695,118.95286631419621,,,90.93748675464497,,
174.2116004,32.11290052751688,118.95286574772149,,,91.83189162206389,,
175.211601,32.112907572343715,118.95286571790562,,,90.94347488036715,,
176.2116021,32.11291224497493,118.9528659316067,,,91.81061667192772,,
177.2116017,32.11291676891519,118.95286606672394,,,92.36155370832758,,
178.2116028,32.11292346811672,118.95286617402445,,,90.98571530920167,,
179.2116034,32.11292790769014,118.9528660895487,,,91.40768345194314,,
180.2116033,32.11293359163562,118.9528656682752,,,91.3749042489868,,
181.2116036,32.11294038448728,118.95286563883401,,,87.69488376156411,,
182.211604,32.11294595618126,118.95286605149064,,,89.38209296870187,,
183.2116048,32.11295042918235,118.95286605869474,,,89.55655694229671,,
184.2116054,32.1129532165518,118.95286591560266,,,91.52057250748967,,
185.2116055,32.112956242723875,118.95286575369164,,,88.89515299606767,,
186.2116063,32.112962461925264,118.95286557291982,,,89.39755322669517,,
187.2116065,32.112967884636205,118.95286545522367,,,87.93670364600578,,
188.2116069,32.11297158036872,118.95286554923807,,,90.85243072608064,,
189.2116072,32.112978026145385,118.95286582090705,,,91.77167718907042,,
190.2116081,32.11298515429695,118.95286547710322,,,91.09736455281,,
191.2116245,32.11298936210639,118.95286494954006,,,91.38943826044157,,
192.2116094,32.11299269186131,118.95286443466888,,,92.33964902590839,,
193.2116088,32.1129990109959,118.95286376568178,,,92.32821468384155,,
194.2116113,32.11300421604035,118.95286351803388,,,92.54384945653848,,
195.2116096,32.11300819176781,118.95286367599434,,,94.41067942396403,,
196.2116104,32.11301447394265,118.95286366690374,,,91.37614174447077,,
197.2116107,32.11302119983174,118.95286328062743,,,89.81001235005667,,
198.2116108,32.11302802116689,118.95286256079676,,,89.99392050747858,,
199.2116148,32.11303517690049,118.95286186700187,,,92.28033951053939,,
200.2116115,32.11303921722713,118.95286153493774,,,92.17316217803337,,
201.2116121,32.113042218560096,118.95286109056421,,,91.72393558393175,,
202.2116125,32.11304889741855,118.95285985659133,,,89.33964265807664,,
203.2116132,32.113054457167614,118.95285888176164,,,89.1972264133617,,
204.2116129,32.11305702335001,118.95285865054164,,,88.7214525886429,,
205.2116137,32.11306042810303,118.95285857828323,,,89.80231758958881,,
206.2116144,32.113065164515184,118.95285846530123,,,88.27314932499894,,
207.2116154,32.11306932988536,118.95285844734627,,,86.99386760588595,,
208.2116152,32.1130747360365,118.95285846626867,,,88.37989815597989,,
209.2116156,32.113082166332426,118.95285836697727,,,88.46840543191581,,
210.2116158,32.113088452627245,118.95285807589245,,,92.72241634519769,,
211.2116166,32.11309158140663,118.95285774685989,,,87.79139082478595,,
212.2116165,32.11309540262185,118.95285751923728,,,90.81910643495007,,
213.2116174,32.113101956830455,118.95285746574672,,,92.48365976086498,,
214.2116175,32.113107032339975,118.952857487465,,,92.68594522368724,,
215.2116183,32.11311016220326,118.95285748777721,,,92.89436498612058,,
216.2116182,32.1131130277849,118.9528573496912,,,92.98948130818943,,
217.2116184,32.11311832408295,118.95285692768267,,,89.03150057384913,,
218.2116193,32.113125489972525,118.95285620557456,,,88.09691587206564,,
219.2116194,32.11313198895706,118.95285540848596,,,88.98628540357852,,
220.2116203,32.1131386800726,118.95285465470397,,,88.4065075141853,,
221.2116202,32.11314485006166,118.95285399334331,,,88.54573052287219,,
222.211621,32.11314904654393,118.95285357588853,,,87.59921398097812,,
223.2116209,32.11315543934318,118.95285275779425,,,87.30497947553864,,
224.2116212,32.11316079427409,118.95285210242595,,,85.0308759720971,,
225.2116226,32.11316273508065,118.95285203555447,,,85.8082743156289,,
226.2116225,32.11316543806873,118.95285192985118,,,85.53275903971951,,
227.2116231,32.11317188682819,118.95285138377821,,,86.5446565792908,,
228.2116234,32.113178242820915,118.95285116155982,,,89.54178903147748,,
229.2116235,32.11318447481426,118.95285086061052,,,91.02615722400809,,
230.2116246,32.11318982296323,118.95285072588945,,,91.77520136303208,,
231.2116243,32.11319383565214,118.95285087906727,,,92.89904484991554,,
232.2116245,32.113197652443176,118.95285107638655,,,92.53896400079901,,
233.2116256,32.1132030781741,118.95285152387821,,,92.29955878504131,,
234.2116253,32.11320928064699,118.9528519701804,,,91.83682754647171,,
235.2116258,32.11321397978722,118.95285203118061,,,87.7781028285665,,
236.2116264,32.11321722661232,118.95285194733876,,,87.86807681352084,,
237.2116272,32.113220787010206,118.95285197787331,,,89.22042017184611,,
238.2116272,32.11322671760335,118.9528522996873,,,90.75792934246103,,
239.2116274,32.113233559760594,118.95285249319446,,,91.33902167475668,,
240.2116274,32.1132385474667,118.95285224419644,,,89.06995720697324,,
241.2116289,32.113242746091345,118.95285188110863,,,87.45191851182949,,
242.2116284,32.11324914032884,118.9528518202783,,,86.60879826268037,,
243.2116289,32.11325566269098,118.9528515654247,,,89.22358867357464,,
244.2116301,32.11326201262502,118.95285137715295,,,91.96805083679733,,
245.2116296,32.113266246689015,118.9528512717229,,,93.08318453032462,,
246.2116307,32.1132709740092,118.95285123775982,,,90.68763224674095,,
247.2116311,32.11327753562228,118.95285113986805,,,89.57013490556024,,
248.2116308,32.11328177602318,118.95285076689908,,,87.77204889790322,,
249.2116327,32.11328554477291,118.95285074913538,,,92.97199478404205,,
250.2116325,32.1132902167885,118.95285117482884,,,93.5367298158847,,
251.2116325,32.11329585796094,118.95285160124017,,,95.52465622093227,,
252.2116325,32.113302548579625,118.9528520012646,,,95.68554930764047,,
253.2116336,32.11330882858772,118.9528523330587,,,91.65161885207108,,
254.2116342,32.113315143883135,118.952852721898,,,89.82462217757902,,
255.211634,32.11332138531558,118.95285310722963,,,90.25824257991701,,
256.2116342,32.113327646229884,118.95285341360886,,,92.25592667150869,,
257.2116349,32.11333357874641,118.95285370805972,,,95.26169241084396,,
258.2116005,32.11333974957632,118.95285409499118,,,94.74286971387251,,
259.2116027,32.113346385061256,118.9528545265205,,,93.91317603510005,,
260.2116046,32.11335248970886,118.95285488364178,,,94.57110953656819,,
261.2116052,32.11335865015176,118.95285520322108,,,95.85390937504299,,
262.211605,32.11336487220357,118.95285552004928,,,97.938090084237,,
263.2116033,32.11337101803041,118.95285590107197,,,96.56541557134045,,
264.2116042,32.11337724643931,118.95285623886375,,,93.79460946826818,,
265.2116047,32.11338134844391,118.95285599409301,,,91.24873016375571,,
266.211605,32.11338600277575,118.95285534145182,,,91.55844232457328,,
267.2116258,32.11339266086093,118.95285451389331,,,89.5510915271428,,
268.2116278,32.11339921989698,118.9528535617493,,,89.59788119697413,,
269.2116297,32.11340564477318,118.95285261789186,,,91.14936965089025,,
270.2116303,32.113412144693946,118.95285170987248,,,92.76352945528183,,
271.2116313,32.11341847631838,118.95285097202486,,,93.65648914998066,,
272.2116323,32.11342503066853,118.95285003110956,,,90.96694743198663,,
273.2116339,32.11343197973072,118.95284906780961,,,89.98427547781945,,
274.2116346,32.11343685007602,118.95284862275423,,,89.58482547639926,,
275.2116352,32.113439647820634,118.95284854488985,,,92.92678074831333,,
276.2116368,32.11344187384898,118.95284837979781,,,93.50128443620132,,
277.2116379,32.11344524801071,118.95284790749864,,,92.65851818710752,,
278.2116382,32.113451327658396,118.95284707430808,,,93.67498277581437,,
279.2116401,32.113457311489015,118.95284622382057,,,94.36214532055254,,
280.2116406,32.11346154472333,118.95284549737654,,,95.33207015879617,,
281.2116412,32.11346625031113,118.95284462426875,,,95.78811302036259,,
282.211641,32.113470748084886,118.95284378303907,,,95.54671673534412,,
283.2116417,32.11347490119759,118.95284305920342,,,95.24512857152546,,
284.2116426,32.11348067600947,118.95284226371831,,,91.15734354474233,,
285.2116437,32.113487655515854,118.95284206151038,,,93.06175200461004,,
286.2116437,32.113494184299064,118.952842205088,,,92.93660496156356,,
287.2116446,32.11350067062222,118.9528423550169,,,89.9771279467919,,
288.2116456,32.11350575040332,118.95284271339783,,,91.6921909868489,,
289.2116461,32.113509462677555,118.95284296956527,,,91.51458240662562,,
290.2116466,32.113515072843036,118.95284259752337,,,89.37336259432678,,
291.211647,32.11352128007113,118.95284210955401,,,88.86129408874574,,
292.2116503,32.11352788365266,118.9528415566216,,,87.03672745112496,,
293.2116487,32.113534822646635,118.95284084012907,,,86.52303386976901,,
294.2116489,32.1135415264206,118.95283995236962,,,88.374282009123,,
295.21165,32.11354819429238,118.95283893568012,,,89.27327674925087,,
296.2116499,32.11355480714176,118.95283838876573,,,88.84216530399023,,
297.2116507,32.11356121331732,118.95283824349195,,,88.4456344246643,,
298.2116512,32.11356807113006,118.95283742405852,,,89.31033203747376,,
299.2116525,32.11357487397016,118.952836535467,,,89.7177843431513,,
300.211653,32.11357963101426,118.95283600814078,,,94.53123827449545,,
301.2116531,32.11358369260316,118.9528354586254,,,92.92615789219236,,
302.2116537,32.113588112997036,118.95283490798796,,,92.71339139980847,,
303.2116542,32.11359278139182,118.95283477275719,,,91.67155033561534,,
304.2116547,32.113596295090666,118.95283479242427,,,90.9666713671419,,
305.2116553,32.11359883733401,118.95283478183771,,,90.21410984970092,,
306.2116553,32.113603227535144,118.95283496174181,,,90.32619039979346,,
307.2116553,32.11360944433602,118.95283529832241,,,89.83046098247574,,
308.2116561,32.1136136282961,118.95283540369404,,,91.47444585507488,,
309.2116572,32.11361737295792,118.95283541071593,,,87.44755402379063,,
310.2116574,32.1136220131155,118.95283542330039,,,86.22259651696623,,
311.2116581,32.113627629742794,118.95283545860072,,,86.78846867967195,,
312.2116586,32.113634269615375,118.95283564703931,,,87.69656383328658,,
313.2116584,32.11363920695173,118.9528353922014,,,87.96067406899981,,
314.2116617,32.11364296035201,118.95283476497646,,,87.44888460528293,,
315.2116597,32.11364743258411,118.95283426894494,,,88.8208068697748,,
316.2116598,32.113651087346526,118.95283401112832,,,88.96462358342713,,
317.21166,32.11365392604365,118.95283389421883,,,87.75909275575926,,
318.2116631,32.11365850788536,118.95283369052166,,,86.70389657746563,,
319.2116611,32.11366461536547,118.95283352842637,,,86.61000504931243,,
320.2116617,32.113670513953394,118.9528335371724,,,87.61046640002479,,
321.2116623,32.113677240224135,118.9528333325243,,,87.88853727249904,,
322.2116644,32.113683385325444,118.95283318488548,,,87.54948974037185,,
323.2116624,32.113689525186146,118.9528329297144,,,87.83016592775915,,
324.211664,32.113696563500504,118.95283212144172,,,91.15993472965253,,
325.211664,32.113701474918905,118.95283162121866,,,94.21907110980399,,
326.2116642,32.11370523976903,118.95283135029828,,,95.31380301376515,,
327.2116641,32.11370981934451,118.95283089349333,,,96.84390745227832,,
328.2116654,32.1137144264923,118.95283039913473,,,96.82803138285169,,
329.2116657,32.11371919482466,118.9528299614636,,,97.00914861608295,,
330.2116653,32.113724975493916,118.95282945370084,,,96.21398041071811,,
331.2116666,32.11373157827067,118.95282861145654,,,97.56890132015984,,
332.2116667,32.11373798262248,118.95282803593692,,,96.59401754972903,,
333.2116675,32.11374448304063,118.9528274449023,,,89.28011628918723,,
334.2116678,32.11374923510147,118.9528271239401,,,88.89037512222622,,
335.211668,32.11375384627549,118.95282696394594,,,93.59040272434282,,
336.2116679,32.11376017588044,118.95282666978994,,,94.24502358544187,,
337.2116687,32.1137664233094,118.95282645870985,,,94.59390279385983,,
338.2116692,32.11377322876818,118.95282630120607,,,95.82846227098429,,
339.2116692,32.11377958367054,118.9528260639936,,,95.80068172686677,,
340.2116739,32.11378605746567,118.95282595779487,,,97.0937267135823,,
341.2116705,32.1137924054619,118.95282599323224,,,95.82213596822227,,
342.2116711,32.113798367609114,118.9528261301638,,,97.77382094137965,,
343.2116711,32.11380262775865,118.95282608455165,,,98.01089124055495,,
344.2116722,32.11380545812298,118.95282578858054,,,92.51285420692665,,
345.2116724,32.11380864120402,118.95282540803022,,,88.58027271860367,,
346.2116723,32.113813203396525,118.9528249539603,,,89.13467611713173,,
347.2116722,32.11381921595386,118.95282435057214,,,87.82463094876016,,
348.2116729,32.113825313507895,118.95282393350136,,,86.43375749260126,,
349.2116746,32.11383046989487,118.9528237706661,,,87.97465986342769,,
350.2116737,32.113834588656694,118.95282377567938,,,91.8226651447652,,
351.2116745,32.11383815780289,118.9528238722981,,,93.84692259404979,,
352.2116745,32.11384294809677,118.9528235180639,,,94.55744006755705,,
353.2116755,32.11384986442073,118.95282261327269,,,95.35963986655986,,
354.2116758,32.1138565183038,118.95282186183907,,,95.27700083021271,,
355.2116756,32.113860600113924,118.95282142085782,,,94.27675953122463,,
356.2116764,32.11386644567077,118.95282078135973,,,90.39923761762489,,
357.211677,32.113872309906725,118.9528202907081,,,94.8220780633776,,
358.2116771,32.113876278287925,118.95282002746907,,,96.02404251137972,,
359.2116774,32.113882654600864,118.95281903546004,,,96.15236492278491,,
360.2116778,32.11388703667969,118.9528182646205,,,95.74997679383735,,
361.2116777,32.11388938873217,118.95281780268841,,,95.49127136543737,,
362.2116816,32.11389408381888,118.95281683543988,,,92.25523025023962,,
363.2116816,32.113900855552075,118.95281568371057,,,89.64938172796526,,
364.2116793,32.11390694413738,118.95281502136167,,,89.64376090973376,,
365.2116792,32.11391325048356,118.95281455185511,,,89.3031429652221,,
366.2116802,32.11391970797941,118.95281440166232,,,87.66066421291745,,
367.2116807,32.1139260605661,118.95281417412278,,,88.05656652077602,,
368.2116809,32.1139323804905,118.95281395460239,,,89.55459121419669,,
369.2116812,32.113938110457305,118.95281379924407,,,88.88281637948316,,
370.2116815,32.11394271888947,118.95281379867716,,,89.50974659870765,,
371.2116823,32.11394638235717,118.95281375989308,,,88.65334907423673,,
372.2116829,32.11395024380134,118.95281348339232,,,91.56749402301145,,
373.2116835,32.11395648455701,118.95281300971592,,,96.35712431940983,,
374.2116833,32.11396168892038,118.95281255763683,,,95.50025159776627,,
375.2116838,32.11396444713464,118.95281213292552,,,95.51840851799327,,
376.2116876,32.113969236882454,118.95281143782783,,,91.6589505297348,,
377.2116849,32.113976711586986,118.95281036065408,,,91.19387993844506,,
378.2116847,32.11398282492761,118.95280935028777,,,91.4421264964423,,
379.2116859,32.11398618252419,118.95280887314959,,,89.71296567101946,,
380.2116863,32.113988224960885,118.95280873526823,,,91.2676442912046,,
381.211686,32.113990465658446,118.95280872780545,,,91.32682164713184,,
382.2116867,32.11399400444104,118.95280875859048,,,90.0189707822842,,
383.2116868,32.11399954783343,118.95280877651544,,,94.90987008102545,,
384.2116356,32.114005922356775,118.95280882008045,,,92.81550787639429,,
385.2116343,32.114010358294415,118.9528088136932,,,93.58793577338521,,
386.2116328,32.114013137573366,118.95280870587757,,,94.19146279112817,,
387.2116334,32.11401667303461,118.95280850658165,,,94.64280099052296,,
388.2116303,32.114021076817714,118.9528082745959,,,94.2264974748895,,
389.2116292,32.11402434177364,118.95280810286064,,,94.78331214188688,,
390.2116257,32.114026554385106,118.95280797758488,,,94.67314493253778,,
391.2116262,32.11402870719808,118.95280784024885,,,94.53926609518788,,
392.2116213,32.114031526758126,118.95280766545461,,,93.55293855622845,,
393.2116162,32.114034931539926,118.95280752781068,,,91.78585189965236,,
394.2116181,32.11403886429283,118.95280743462396,,,92.02902124999547,,
395.2116171,32.11404417435555,118.95280694343228,,,91.65705966153932,,
396.2116162,32.11405033335238,118.95280601117597,,,91.54914988218927,,
397.2116166,32.11405628004207,118.95280503566497,,,91.75256998554363,,
398.2116169,32.11406220737658,118.95280403292458,,,91.60427669029517,,
399.2116163,32.11406570586332,118.95280327077819,,,91.7013306621984,,
400.211616,32.114068117571,118.95280265092416,,,89.63479036749477,,
401.2116164,32.11407139938123,118.95280197365663,,,90.2482220943895,,
402.211616,32.11407646217993,118.95280086346925,,,89.0138058093475,,
403.2116187,32.11408290177898,118.9527992834656,,,92.60846413457116,,
404.2116164,32.11408920951717,118.95279775979938,,,94.36432326411135,,
405.211617,32.114095247142785,118.95279619934325,,,91.33212162370262,,
406.2116172,32.11409919769386,118.95279512214618,,,92.29886765264584,,
407.2116171,32.11410200584845,118.95279429027539,,,92.57120898744597,,
408.2116168,32.11410547178759,118.95279322910852,,,92.76868222748583,,
409.2116195,32.11411050967012,118.95279180235768,,,90.3012105414096,,
410.2116169,32.11411692402648,118.95278993417463,,,91.48252529234118,,
411.2116176,32.114123526879816,118.95278779070915,,,90.68270353023793,,
412.2116184,32.11412986867709,118.952786497291,,,95.45042797367003,,
413.2116175,32.11413401603264,118.95278591126427,,,94.8197912517044,,
414.2116177,32.11413949408217,118.95278485473105,,,94.13041533824351,,
415.2116183,32.114145588046796,118.9527835735884,,,94.73426636152318,,
416.2116189,32.11414840865764,118.95278325359831,,,93.17483877999082,,
417.2116195,32.11415180634552,118.95278305170315,,,92.15713888338169,,
418.2116189,32.11415825954146,118.95278226323973,,,95.50873665885072,,
419.2116195,32.11416498458546,118.95278122926238,,,96.3576350628413,,
420.2116205,32.11417149660826,118.95278049882624,,,96.93396649612959,,
421.2116205,32.11417553024615,118.95278015701288,,,99.16557524526186,,
422.2116196,32.11418023916299,118.95277972455874,,,98.17250875635054,,
423.2116205,32.11418728907099,118.9527790189016,,,94.83099091668272,,
424.2116205,32.11419341085489,118.95277845174529,,,93.48857447202927,,
425.2116212,32.11419979670598,118.95277792056136,,,91.16021200601746,,
426.2116235,32.114204432730176,118.95277760765403,,,91.01269677934417,,
427.2116218,32.114207376256516,118.95277743721196,,,91.81489336372938,,
428.2116215,32.114209887095434,118.95277732372803,,,91.11344243294822,,
429.2116218,32.1142141427728,118.95277728961564,,,88.56085891771691,,
430.2116215,32.11422012009013,118.95277722316335,,,89.67020633687966,,
431.2116243,32.11422334533381,118.95277674462726,,,90.94614134323997,,
432.2116232,32.114226312712645,118.95277596532135,,,93.06859739885212,,
433.2116222,32.114232378343274,118.95277510188102,,,92.14060157672552,,
434.2116235,32.11423737648319,118.95277411174816,,,94.08120269361456,,
435.2116239,32.114241840198275,118.9527729018236,,,95.68187639084017,,
436.2116233,32.11424812578384,118.95277157326956,,,96.46260144738025,,
437.2116235,32.11425391345467,118.95277028951233,,,96.53736548528254,,
438.2116237,32.11426050294076,118.95276868115286,,,96.80960189480184,,
439.2116238,32.11426543421598,118.95276763539022,,,96.23942577972662,,
440.211624,32.11426932809697,118.95276701522418,,,94.36901109234384,,
441.2116245,32.11427372194011,118.95276632542519,,,91.2235983650639,,
442.2116256,32.11427821760732,118.95276556317593,,,89.12065718558242,,
443.2116251,32.11428231546274,118.9527647570547,,,88.37816368060898,,
444.2116256,32.11428576107654,118.95276392885609,,,89.5956238217372,,
445.2116263,32.11428883778762,118.95276314752111,,,90.78273314237767,,
446.2116259,32.11429210180864,118.95276246082642,,,91.89755059117084,,
447.2116271,32.114297018042656,118.95276172735656,,,91.6855907968645,,
448.2116268,32.1143031522456,118.95276097270785,,,91.85920104425355,,
449.2116278,32.11430738725123,118.95276048326538,,,91.7559970834893,,
450.2116269,32.1143115754326,118.95275996218223,,,92.96444631683411,,
451.211628,32.11431616852648,118.95275943248525,,,93.69943377499935,,
452.2116274,32.11431979180241,118.95275919354152,,,94.9297953824732,,
453.2116277,32.114322740439356,118.95275898468225,,,91.2175593811462,,
454.2116281,32.11432583149864,118.9527584299212,,,91.96530069040392,,
455.2116284,32.1143302131156,118.95275745641896,,,96.92731794772236,,
456.2116292,32.114336147994074,118.95275617483814,,,97.26806967566823,,
457.2116294,32.1143417213649,118.95275480846416,,,97.76057379176507,,
458.2116293,32.11434759275782,118.95275345155538,,,97.74292430395286,,
459.2116302,32.114353776483,118.9527519889016,,,99.33997213297869,,
460.2116301,32.1143600588732,118.95275042085123,,,97.95750304535753,,
461.2116306,32.11436657750441,118.95274882973234,,,99.58752990955345,,
462.2116309,32.11437150762681,118.95274771942177,,,100.80649414732721,,
463.2116309,32.11437436105496,118.95274726195112,,,101.3804494230202,,
464.2116315,32.11437760921573,118.95274696916681,,,102.35011992546147,,
465.2116312,32.11438197017953,118.95274660718621,,,103.37004144894766,,
466.2116348,32.1143857262057,118.95274632412237,,,102.32882899491266,,
467.2116324,32.11439079697957,118.95274587345331,,,100.79065668267434,,
468.2116326,32.114397782868465,118.9527451909497,,,102.8647344695639,,
469.2116323,32.114401740403544,118.95274492293214,,,102.53676130510384,,
470.2116328,32.11440651281404,118.95274473665201,,,103.73735153324336,,
471.2116349,32.11441302346597,118.95274445979302,,,103.6031260649228,,
472.2116333,32.1144196920981,118.95274419693179,,,94.53140912351084,,
473.2116334,32.1144254557813,118.95274400178894,,,98.6671030319297,,
474.2116343,32.11442828696714,118.95274391838159,,,97.89312483460907,,
475.2116343,32.11443002992156,118.95274388598733,,,92.46257956536246,,
476.2116349,32.11443295012105,118.9527438313458,,,93.97893461541086,,
477.2116346,32.11443744272495,118.95274368343799,,,94.982094394642,,
478.2116354,32.11444188975141,118.95274339576434,,,96.89320407815518,,
479.2116354,32.1144460271202,118.95274307144581,,,96.5138719173004,,
480.2116359,32.11445004662273,118.95274281526073,,,94.05953492515427,,
481.2116359,32.114453873486106,118.95274258107064,,,93.3790129532162,,
482.2116359,32.114458810509504,118.95274198805133,,,94.52362970382462,,
483.2116368,32.11446582739575,118.95274080661625,,,94.2721922521156,,
484.2116365,32.11447073139987,118.95274023639176,,,94.1227713132159,,
485.211637,32.1144739866578,118.95274022790858,,,93.0249754073884,,
486.211637,32.114478015623746,118.95274018565084,,,91.77553535291,,
487.2116382,32.11448436624271,118.9527396884265,,,91.75989818637684,,
488.2116382,32.114489754261264,118.95273927810725,,,90.95455908984148,,
489.211638,32.1144936123238,118.95273917932793,,,90.81628628164393,,
490.2116385,32.11449991752233,118.95273882101907,,,94.72693807882376,,
491.2116393,32.11450616016089,118.95273842156041,,,97.68050744063797,,
492.2116388,32.1145124623164,118.9527377982252,,,95.47229492488235,,
493.2116393,32.114517654103125,118.95273726664928,,,97.17423185331162,,
494.2116401,32.11452149931033,118.95273684379057,,,101.22937627348242,,
495.2116401,32.11452547903722,118.95273624180594,,,99.63204217957471,,
496.2116407,32.114531292902434,118.95273558247293,,,101.06598925419479,,
497.2116404,32.11453813997473,118.95273476935614,,,97.84717676724371,,
498.2116406,32.11454464557979,118.95273405579485,,,101.55542149116039,,
499.2116411,32.114550192042145,118.95273369418322,,,98.0939839232824,,
500.2116414,32.114553961519654,118.9527330754129,,,98.67281529960712,,
501.211642,32.11455941197882,118.95273210285275,,,98.14857138472772,,
502.2116423,32.11456642135613,118.95273092913476,,,98.72820700367299,,
503.2116425,32.11457173463941,118.95272997637021,,,97.4482746826994,,
504.2116424,32.11457470553447,118.95272942077756,,,99.37410407904984,,
505.2116427,32.11457800282778,118.95272896914008,,,99.97898787323543,,
506.2116431,32.1145825855992,118.95272845279047,,,97.6659930314899,,
507.2116441,32.114586102147726,118.95272797713251,,,95.69442775431187,,
508.2116442,32.114589005702165,118.95272752374419,,,94.087269364311,,
509.2116443,32.114593874198384,118.95272696210704,,,95.86946424845948,,
510.2116197,32.114600991186116,118.95272608735162,,,95.56166161662067,,
511.2116172,32.11460680798881,118.95272520643128,,,92.94249000504821,,
512.211616,32.114610409707986,118.95272454746275,,,92.36254520464676,,
513.211616,32.11461604197013,118.95272346128411,,,93.51986301583263,,
514.2116165,32.114623198025726,118.95272212948585,,,98.78915059876552,,
515.2116071,32.114627990795334,118.95272123400277,,,101.88674165640761,,
516.2116159,32.11463051749121,118.95272080967078,,,100.54284247021242,,
517.2116252,32.11463473928765,118.95272031607051,,,100.41985812509009,,
518.2115494,32.114641206681725,118.95271952384192,,,97.64041713873146,,
519.2116141,32.114647554012365,118.95271868430186,,,102.78509185464054,,
520.2116143,32.11465338740853,118.95271803424487,,,101.28541263478141,,
521.2116146,32.11465764463946,118.95271756491344,,,101.5400345616281,,
522.2116154,32.11466134830626,118.95271707849952,,,103.20205839857952,,
523.2116153,32.11466579754621,118.95271650590897,,,96.80393364211858,,
524.2116156,32.11467184363768,118.95271581838455,,,94.30242002714414,,
525.2116169,32.11467857307975,118.95271455859654,,,93.57335995814115,,
526.2116174,32.1146853713789,118.95271317776972,,,93.8367110658639,,
527.2116168,32.11469218709986,118.9527119203655,,,94.1605744738526,,
528.211617,32.114696984755355,118.95271127088694,,,93.93202650308173,,
529.2116177,32.114699320880476,118.95271129267672,,,93.40305848156551,,
530.2116179,32.11470129391873,118.9527113353257,,,91.88881510384347,,
531.2116193,32.1147047856764,118.95271085757186,,,91.17286857765276,,
532.2116193,32.114710006874226,118.9527100617941,,,91.48329015049264,,
533.21162,32.11471634788934,118.95270929506637,,,90.23736064591097,,
534.2116199,32.114722294717645,118.95270862448048,,,91.6634099445751,,
535.2116202,32.11472659727455,118.95270797193403,,,91.4500689080563,,
536.21162,32.11473181364106,118.952707289022,,,91.13885585957522,,
537.2116215,32.11473826055354,118.95270658556514,,,91.2392834367562,,
538.2116216,32.114743437833546,118.95270604482322,,,93.1318375256152,,
539.2116218,32.11474637753081,118.95270574149077,,,92.08964023626187,,
540.2116219,32.11474882164095,118.95270537788643,,,93.65392985585137,,
541.2116228,32.11475255969615,118.95270464101291,,,95.3513364508178,,
542.2116226,32.114758739900644,118.95270329257168,,,97.4404971145263,,
543.211623,32.11476442968214,118.95270202987305,,,96.5000341425194,,
544.2116237,32.11476701539537,118.95270146563776,,,93.06948101582678,,
545.2116244,32.11477118304314,118.95270049773707,,,91.13800940513566,,
546.211624,32.11477823683806,118.95269884086808,,,91.29106459317597,,
547.2116245,32.11478313041684,118.95269776781193,,,93.40708356360813,,
548.2116252,32.11478671254849,118.95269720095301,,,93.41711282609698,,
549.2116251,32.11479164101375,118.95269638741132,,,92.97550421591158,,
550.2116259,32.11479893202573,118.95269490023175,,,93.19854034800984,,
551.2116262,32.11480344283332,118.95269423247956,,,93.68441332430923,,
552.2116265,32.11480884900948,118.95269342868312,,,95.0870368263233,,
553.2116265,32.11481632255507,118.95269205078299,,,94.8821222942197,,
554.2116266,32.114823649144704,118.95269081872448,,,96.18409185596009,,
555.2116269,32.114830132726546,118.95268987660768,,,95.32275877018827,,
556.2116275,32.114833582414896,118.95268925777285,,,94.7222980178627,,
557.2116281,32.11483688852465,118.95268860406215,,,94.91819443988953,,
558.2116283,32.11484171590969,118.9526877604309,,,92.56555291199203,,
559.2116287,32.11484630802064,118.95268703589186,,,95.61572795480413,,
560.2116288,32.11485158397192,118.95268633591586,,,98.33601576743686,,
561.2116293,32.11485862699398,118.95268539342347,,,97.49184463683416,,
562.2116289,32.11486524747456,118.95268434251649,,,97.33025758346545,,
563.2116296,32.11487212272056,118.9526834671593,,,96.2314346504525,,
564.2116301,32.11487648595582,118.95268280091945,,,97.27842390422624,,
565.2116308,32.11488198950126,118.95268207352181,,,98.65350842306874,,
566.2116303,32.114889370563446,118.95268104285776,,,95.93113428043183,,
567.2116306,32.1148960997995,118.95267996112433,,,96.18222236776857,,
568.2116315,32.114903062561076,118.95267891898384,,,96.53927348811048,,
569.2116312,32.114909393449594,118.95267777892626,,,96.03006135425274,,
570.2116315,32.114913782231845,118.95267698491833,,,96.84585133366438,,
571.2116326,32.114919807687826,118.95267606380207,,,95.76032161562301,,
572.211632,32.114926592743096,118.95267524035802,,,97.50105044415014,,
573.2116321,32.114931571174196,118.95267456676135,,,98.09873303487784,,
574.2116326,32.11493618468996,118.95267363126506,,,98.7424090051878,,
575.2116359,32.11494309911778,118.9526722782201,,,97.71839714128781,,
576.2116336,32.114949925059854,118.95267119572352,,,97.43796747490492,,
577.2116345,32.114956608180655,118.95267017996201,,,95.12453954840788,,
578.2116349,32.11496117495543,118.95266956844637,,,95.23557541456006,,
579.2116355,32.114965881901774,118.95266910620145,,,95.48937489534819,,
580.211635,32.11497294832712,118.95266829049328,,,95.76385040656128,,
581.2116349,32.11497946537749,118.95266728041439,,,96.4254022189013,,
582.2116363,32.11498196500074,118.95266679007972,,,96.32222095385553,,
583.2116358,32.11498390072117,118.9526663160985,,,96.08604532347687,,
584.2116365,32.114989594479916,118.95266519123692,,,96.9184058286109,,
585.2116371,32.11499537983133,118.9526641701307,,,97.75349420438147,,
586.2116373,32.11499780261487,118.95266378403535,,,98.98841946711117,,
587.2116373,32.115002633895806,118.95266271123583,,,96.86835405893463,,
588.2116373,32.1150094824583,118.95266111386618,,,94.98794808471699,,
589.2116381,32.115012973005136,118.95266031584976,,,92.84415128941444,,
590.2116376,32.11501603419585,118.95265962784292,,,91.84997160628984,,
591.2116388,32.115020739565814,118.95265848741279,,,96.95915801504651,,
592.2116385,32.11502542696866,118.95265710638937,,,95.41027291689407,,
593.2116396,32.11503059487783,118.95265583723764,,,95.24518805687158,,
594.2116396,32.11503687962839,118.95265493968748,,,96.69808903384461,,
595.2116395,32.11504101782926,118.95265411563518,,,96.67903896571816,,
596.2116399,32.115046364343776,118.95265243406055,,,95.15096470401363,,
597.2116404,32.11505414920675,118.95265000283649,,,93.9735031173909,,
598.2116429,32.11506111135697,118.95264813427248,,,93.83944594619156,,
599.2116407,32.11506525385216,118.95264753834887,,,95.14987340788502,,
