,Time (s),Latitude (째),Longitude (째),Height (m),Velocity (m/s),Direction (째),Horizontal Accuracy (m),Vertical Accuracy (째)
0,0.008250951767,32.11190042,118.9519867,14.4882372,0.5803658526,95.9545389,4.732617599,4.732617599
1,0.6066744328,32.11191138,118.9520595,6.506691933,1.649999976,78.75,5.456218988,5.456218988
2,1.211674333,32.11191096,118.9520787,6.495461464,1.659999967,72.421875,5.518360771,5.518360771
3,2.211674333,32.11191318,118.9520972,8.67356205,1.649999976,73.4765625,4.99388858,4.99388858
4,3.211674929,32.11191766,118.9521092,7.22547245,1.070000052,76.2890625,3.535533906,3.535533906
5,4.211675882,32.11192223,118.9521211,5.748543739,1.070000052,81.9140625,3.535533906,3.535533906
6,5.211675525,32.11192693,118.9521333,4.903389931,1.0,79.1015625,3.535533906,3.535533906
7,6.211645484,32.11193212,118.952146,4.603157997,1.24000001,80.15625,3.535533906,3.535533906
8,7.211645126,32.11193698,118.9521602,4.075295448,1.24000001,81.5625,3.535533906,3.535533906
9,8.211645722,32.11194101,118.9521741,4.190255165,1.25,81.5625,3.535533906,3.535533906
10,9.21164155,32.1119444,118.9521879,4.258339882,1.25,82.265625,3.535533906,3.535533906
11,10.21163905,32.11194667,118.9522011,3.924141884,1.230000019,83.671875,3.535533906,3.535533906
12,11.21163571,32.11194838,118.952214,3.582497597,1.230000019,86.8359375,3.535533906,3.535533906
13,12.21163261,32.11194952,118.9522276,3.362374306,1.230000019,88.59375,3.535533906,3.535533906
14,13.21163011,32.11194979,118.9522407,3.362374436,1.230000019,88.59375693,4.574580329,4.574580329
15,14.21162736,32.11195167,118.9522553,3.941384456,1.289999962,85.78125725,4.574580291,4.574580291
16,15.21162724,32.11195494,118.9522676,3.936257504,1.289999962,80.15625716,4.574580257,4.574580257
17,16.21162617,32.1119585,118.9522816,3.884804891,1.399999976,78.04688271,4.574580218,4.574580218
18,17.21162462,32.11196113,118.9522948,3.406624959,1.399999976,79.45313275,4.574580182,4.574580182
19,18.2116226,32.11196247,118.9523056,3.302559985,1.24000001,81.56250691,4.574580151,4.574580151
20,19.21162152,32.11196441,118.9523183,3.463265551,1.24000001,80.8593819,4.574580117,4.574580117
21,20.21162009,32.11196617,118.9523323,3.606515067,1.25999999,81.21094451,4.57458008,4.57458008
22,21.21161878,32.11196852,118.952348,3.592477011,1.409999967,81.21094535,4.57458004,4.57458004
23,22.21161723,32.11197138,118.9523615,3.065591025,1.409999967,79.80469532,4.574580002,4.574580002
24,23.21161664,32.1119727,118.9523725,3.077706479,1.289999962,80.85938217,4.574579972,4.574579972
25,24.2116152,32.11197375,118.9523844,3.34406389,1.230000019,81.91406936,4.57457994,4.57457994
26,25.21161485,32.11197359,118.9523982,3.94712175,1.230000019,85.78125691,4.574579906,4.574579906
27,26.21161354,32.11197421,118.9524149,3.875313928,1.419999957,85.42969547,4.574579867,4.574579867
28,27.21161318,32.11197439,118.9524286,4.064828089,1.419999957,86.13282048,4.574579834,4.574579834
29,28.21161258,32.11197398,118.95244,3.988076348,1.269999981,87.53906965,4.574579804,4.574579804
30,29.21161258,32.111973,118.9524531,3.885567801,1.269999981,90.35156965,4.574579774,4.574579774
31,30.21161127,32.11197251,118.9524663,3.801400322,1.269999981,91.75781965,4.574579742,4.574579742
32,31.21161079,32.111972,118.952482,4.268014134,1.460000038,92.46094572,4.574579707,4.574579707
33,32.21161139,32.11197162,118.9524956,4.109658419,1.460000038,91.75782072,4.574579675,4.574579675
34,33.21161115,32.11197261,118.9525089,4.312356168,1.440000057,90.00000811,4.574579641,4.574579641
35,34.21161425,32.11196317,118.9525436,6.451873058,1.278195338,88.23900017,4.733671693,4.733671693
36,35.21161211,32.11196405,118.9525561,6.248736031,1.366782183,89.35186699,4.741149142,4.741149142
37,36.21160984,32.11196271,118.95257,6.152153074,1.203883181,87.33285443,4.732421449,4.732421449
38,37.2116096,32.11196178,118.9525851,6.350167731,1.393736509,90.36529664,4.69814684,4.69814684
39,38.21160936,32.1119611,118.9525963,6.652234065,1.17067602,92.45651835,4.703293051,4.703293051
40,39.2116096,32.1119623,118.952609,6.385345192,1.205717326,88.54170768,4.703902247,4.703902247
41,40.21160936,32.11196386,118.9526244,6.455623306,1.334502373,86.91101128,4.704506154,4.704506154
42,41.21160913,32.11196909,118.9526364,6.421006878,1.310296223,79.35667004,4.705602057,4.705602057
43,42.21160936,32.11197202,118.9526472,6.488432695,1.198420912,76.12377989,4.70688536,4.70688536
44,43.21160865,32.11197335,118.9526592,6.450499529,1.16859897,78.6573332,4.70728991,4.70728991
45,44.21160984,32.11197249,118.9526741,6.392747444,1.268172714,86.3075466,4.707508572,4.707508572
46,45.21160913,32.1119733,118.9526904,6.420854397,1.396792565,88.34826937,4.708392226,4.708392226
47,46.2116096,32.11197425,118.9527029,6.504921381,1.302405126,86.71442659,4.709261859,4.709261859
48,47.21160972,32.11197552,118.9527131,6.369850616,1.117791406,85.48180135,4.710055383,4.710055383
49,48.21160936,32.11197645,118.9527249,6.431026506,1.127649441,86.26466668,4.710700022,4.710700022
50,49.21160936,32.11197867,118.9527369,6.310222499,1.142990985,84.54699982,4.71111729,4.71111729
51,50.21160948,32.11198008,118.9527497,6.299884712,1.154338983,83.32382223,4.710424833,4.710424833
52,51.21160936,32.1119845,118.952761,6.286015899,1.129351369,76.46517381,4.710709058,4.710709058
53,52.21161067,32.11198714,118.9527745,6.372621459,1.207288357,77.25335773,4.711266642,4.711266642
54,53.21160972,32.11199167,118.9527886,6.540419102,1.363997557,73.58636368,4.711069142,4.711069142
55,54.21161282,32.11199398,118.9528039,6.609237165,1.402917988,74.31202987,4.711544877,4.711544877
56,55.2116102,32.1119953,118.9528161,6.595799114,1.288763035,77.69969468,4.711792557,4.711792557
57,56.21161079,32.11199748,118.9528289,6.606442023,1.276642856,79.12627152,4.712250259,4.712250259
58,57.21161115,32.11199748,118.9528395,6.511995764,1.129827614,83.68961674,4.712218536,4.712218536
59,58.21161187,32.11199794,118.952853,6.480715339,1.206726219,86.49574151,4.712672245,4.712672245
60,59.21161151,32.11210751782805,118.9525064209428,,,158.81399044907846,,
61,60.21161187,32.11211010162995,118.95249924418297,,,156.42515158804315,,
62,61.21161222,32.11211241132539,118.952493803924,,,150.81595967704686,,
63,62.21161175,32.11211394626239,118.9524894211351,,,154.26885700788011,,
64,63.21161473,32.11211521599572,118.95248511277246,,,158.5269209173291,,
65,64.2116133,32.112116931302275,118.95247861723878,,,161.15282706474818,,
66,65.2116133,32.1121189129228,118.95247148211708,,,160.73431025328046,,
67,66.21161318,32.11212056551574,118.95246703544888,,,156.79943580005022,,
68,67.21161354,32.11212260253953,118.95246259595474,,,152.08664519902027,,
69,68.21161366,32.11212472897967,118.95245785988196,,,150.07939388159957,,
70,69.21161377,32.112125982150225,118.95245439303544,,,153.51673620705083,,
71,70.21161449,32.11212703463895,118.952450065841,,,159.37723665677458,,
72,71.21161461,32.11212900366041,118.95244257985259,,,161.46306878864175,,
73,72.21161819,32.112132204850845,118.95243603884947,,,149.22387215743322,,
74,73.2116158,32.11213564120361,118.9524288666907,,,148.47824306137522,,
75,74.2116158,32.11213830847314,118.9524227439393,,,151.95449209958247,,
76,75.21161675,32.11214074620773,118.95241893276885,,,144.42175281792674,,
77,76.21161628,32.112144052682105,118.95241239667068,,,146.91245788199853,,
78,77.21161652,32.11214680807339,118.95240462831158,,,155.6446126582631,,
79,78.21161759,32.1121494331525,118.95239720340163,,,155.94661559463293,,
80,79.21161795,32.11215216511552,118.95238967352269,,,155.18276134104804,,
81,80.21161795,32.11215487256178,118.95238153568286,,,157.1426757449558,,
82,81.21161854,32.11215704104042,118.95237521318423,,,156.45925423334802,,
83,82.2116189,32.112158331483755,118.95237189229314,,,154.81575341923917,,
84,83.21161938,32.1121602988253,118.9523669437148,,,153.8525828513582,,
85,84.2116189,32.11216348197686,118.9523587699338,,,153.7153297302891,,
86,85.21162009,32.112166525007694,118.95235154502605,,,152.02046264189312,,
87,86.21162021,32.11216906767774,118.95234630986018,,,148.84542909385868,,
88,87.21162117,32.112170741923606,118.95234275026706,,,149.36684063495375,,
89,88.21162069,32.11217187320816,118.95233916611679,,,154.6798637008277,,
90,89.21162105,32.1121736269028,118.95233252371729,,,159.9031268338448,,
91,90.211622,32.11217576951427,118.95232510252322,,,160.03542193110889,,
92,91.21162224,32.112177479926466,118.95232089254591,,,155.06052925267716,,
93,92.21162248,32.112180237855256,118.95231434265062,,,152.5597347271614,,
94,93.21162283,32.11218327743728,118.95230605959244,,,154.9105309844782,,
95,94.21162295,32.11218582197402,118.95229835621036,,,157.1495132687039,,
96,95.21162355,32.11218890867069,118.9522903317329,,,154.21214649508408,,
97,96.21162379,32.11219181619034,118.95228345577017,,,151.9211091690836,,
98,97.21162391,32.11219328594254,118.95227839390411,,,157.50216194904033,,
99,98.2116245,32.11219517131561,118.95227073082789,,,161.96164457907355,,
100,99.21162534,32.112198230666365,118.95226289686794,,,154.55657359717702,,
101,100.2116255,32.11220087519051,118.95225714141536,,,149.4904831100249,,
102,101.2116255,32.11220279399156,118.95225251500678,,,151.6639762702514,,
103,102.2116264,32.11220517311194,118.9522476130578,,,149.5614893498622,,
104,103.2116266,32.1122073049005,118.95224292593811,,,149.3695977205099,,
105,104.2116269,32.11220915894429,118.95223793379013,,,153.55973446226312,,
106,105.2116274,32.112212149957244,118.95223059383551,,,153.01407486263815,,
107,106.2116278,32.11221498299611,118.95222472363416,,,148.68333865633178,,
108,107.2116274,32.11221683105172,118.9522204804206,,,149.50556557052676,,
109,108.2116276,32.11221814674808,118.95221487200752,,,159.890804032804,,
110,109.211629,32.11221935588667,118.95220918865418,,,165.34450918572065,,
111,110.2116289,32.112220917747756,118.95220319706866,,,162.62548320901783,,
112,111.2116292,32.112223220108596,118.95219536203248,,,159.67249209435965,,
113,112.2116303,32.1122258901648,118.95218798442357,,,155.44656532842953,,
114,113.2116302,32.11222743744035,118.95218211589697,,,160.3026991799536,,
115,114.2116305,32.11222876845888,118.9521750981643,,,165.42507706257243,,
116,115.2116305,32.11223108470479,118.95216521739057,,,163.99677994041122,,
117,116.2116318,32.11223327481336,118.95215647936725,,,160.6366318970845,,
118,117.2116323,32.11223438608992,118.9521510989033,,,156.19046840345163,,
119,118.2116321,32.11223470990631,118.95214277499325,,,195.41964425268634,,
120,119.2116352,32.11223441060817,118.95213552136214,,,69.61117913148348,,
121,120.2116328,32.112233327470705,118.95213036369486,,,199.94055604317919,,
122,121.2116333,32.11223171771949,118.95212154095542,,,189.84789961814704,,
123,122.2116333,32.112231473263165,118.95211468255745,,,192.40085163025333,,
124,123.2116338,32.11223074737832,118.95211064871833,,,186.6564774788244,,
125,124.2116339,32.112227886990986,118.95210644714298,,,212.95211140823528,,
126,125.2116344,32.11222442547486,118.95209801110356,,,209.95238322827322,,
127,126.211635,32.1122227866345,118.95209114439561,,,193.09845192680496,,
128,127.2116357,32.11222238716656,118.95208792999017,,,190.43419338171088,,
129,128.2116364,32.11222065350032,118.9520842404513,,,201.95299616183968,,
130,129.2116364,32.11221761564516,118.95207923423709,,,216.10695769903043,,
131,130.2116363,32.11221515571819,118.95207465851475,,,216.38292614381828,,
132,131.211637,32.11221156816821,118.95206877159877,,,216.3196076718374,,
133,132.2115895,32.112207275618196,118.95206279291286,,,223.16371193894565,,
134,133.2115891,32.11220354235588,118.95206027548328,,,235.17985269965152,,
135,134.2115891,32.11219702732376,118.95205959617859,,,260.4255801724647,,
136,135.2115911,32.11219063858061,118.95205432369318,,,238.0635340269365,,
137,136.2115887,32.112183868547035,118.95205207182745,,,251.76342581719996,,
138,137.2115854,32.11217825613982,118.95205088399632,,,264.58064847638775,,
139,138.2115837,32.11217526143147,118.9520467245072,,,232.92357755347678,,
140,139.2115828,32.11217244526764,118.95204465461893,,,232.01962345864706,,
141,140.2115803,32.1121687538274,118.9520442697905,,,252.33495631728738,,
142,141.2115816,32.11216391423819,118.9520437688363,,,264.15841635105323,,
143,142.2115831,32.11215987757715,118.952042077906,,,256.56917429024804,,
144,143.2115837,32.11215765138955,118.95203904040726,,,235.5387195594957,,
145,144.2115848,32.11215496263457,118.952035722894,,,225.86858998989317,,
146,145.2115849,32.11215071210679,118.95203285394685,,,237.3704827086749,,
147,146.2115859,32.11214754590924,118.95202998715492,,,238.33183748357874,,
148,147.2115862,32.1121456671987,118.95202704109867,,,226.37967384494982,,
149,148.211587,32.11214277436611,118.95202433866608,,,228.510234317994,,
150,149.2115878,32.11213951939595,118.952020034135,,,228.1838787284969,,
151,150.2115885,32.112138023864205,118.95201246824573,,,195.62899793363977,,
152,151.2115892,32.11213177296249,118.95201080752086,,,252.41916836420637,,
153,152.2115896,32.11212711114211,118.95200477403888,,,225.20119231107833,,
154,153.2115902,32.11212168285093,118.9520022956488,,,244.6913334032215,,
155,154.2115908,32.11211559674534,118.95199831947004,,,244.71170472599522,,
156,155.211591,32.1121116846241,118.9519912149238,,,212.71669849091575,,
157,156.211592,32.112107239945836,118.95198646523096,,,228.35557378404792,,
158,157.2115923,32.1121015484333,118.95198196852036,,,238.435617164193,,
159,158.2115936,32.11209697851835,118.95197598946179,,,224.91416358946708,,
160,159.2115934,32.11209323644887,118.95196855782173,,,211.62127555844336,,
161,160.2115942,32.112089135600755,118.95196344568801,,,224.42030913876,,
162,161.2115945,32.112085253355666,118.95196130073528,,,242.11075767499187,,
163,162.2115955,32.11208028969119,118.95195746935889,,,239.79166913492134,,
164,163.2115973,32.11207579753692,118.9519509776583,,,221.22524141467818,,
165,164.2115964,32.112071091751304,118.95194506024897,,,224.25675182905036,,
166,165.2115963,32.11206669410069,118.95193998345624,,,229.104167426657,,
167,166.2115973,32.11206574491456,118.9519341983282,,,201.11473443248383,,
168,167.2115972,32.1120636864497,118.95192960155754,,,204.48675647462676,,
169,168.2115982,32.112059701317044,118.9519264335869,,,230.66837004592765,,
170,169.2115978,32.112055191247876,118.95192443875561,,,246.5700319353873,,
171,170.2115992,32.112051112546006,118.95192453691087,,,264.5344501434107,,
172,171.2115989,32.112046472636436,118.95192406165413,,,269.0233546202286,,
173,172.2115999,32.11203983433054,118.95192016144874,,,245.1625049132623,,
174,173.2116001,32.11203351658636,118.95191997785464,,,266.67377497899065,,
175,174.2116004,32.11202677231538,118.951921554532,,,279.82713910869256,,
176,175.211601,32.1120202980878,118.95191841126264,,,252.146792093665,,
177,176.2116021,32.11201768429232,118.95191358731756,,,214.86326581833396,,
178,177.2116017,32.11201634726137,118.9519080207766,,,200.6967362073351,,
179,178.2116028,32.11201247524675,118.9519010751775,,,215.1673242656051,,
180,179.2116034,32.112009109666296,118.95189736899543,,,227.67426590038167,,
181,180.2116033,32.11200396959205,118.95189415314653,,,239.7473681154911,,
182,181.2116036,32.11199811611677,118.9518898379595,,,241.03649249495732,,
183,182.211604,32.11199367361145,118.9518855229649,,,232.6823398143208,,
184,183.2116048,32.11199006887779,118.95188217068184,,,232.8870872168004,,
185,184.2116054,32.11198776891765,118.95188018985324,,,234.8564361134113,,
186,185.2116055,32.11198534385885,118.95187788766387,,,234.34740454437963,,
187,186.2116063,32.11198053320109,118.95187283696002,,,230.99451371359805,,
188,187.2116065,32.11197602507427,118.95186918036305,,,236.71820401235755,,
189,188.2116069,32.11197258199992,118.95186733757437,,,244.52980739351483,,
190,189.2116072,32.11196706950358,118.9518629489054,,,238.54747942397387,,
191,190.2116081,32.11196013508958,118.95186151883766,,,259.4392439243927,,
192,191.2116245,32.11195577521298,118.95186130065582,,,269.0439597628415,,
193,192.2116094,32.111952726144935,118.95185934385333,,,255.38666407848154,,
194,193.2116088,32.11194739073036,118.95185489164926,,,240.19622246853794,,
195,194.2116113,32.111943441539914,118.95185073212775,,,228.09308093492427,,
196,195.2116096,32.11194158881438,118.95184601929849,,,214.78239476098474,,
197,196.2116104,32.111938308531954,118.95183919733219,,,210.5968609935902,,
198,197.2116107,32.11193206321297,118.95183624625581,,,247.79052062338542,,
199,198.2116108,32.11192517677844,118.95183567371305,,,266.2543354161106,,
200,199.2116148,32.11191811188502,118.95183436218943,,,261.83174824365153,,
201,200.2116115,32.11191408003316,118.9518330807803,,,257.6314880884281,,
202,201.2116121,32.11191105451545,118.95183304373444,,,262.4788548135572,,
203,202.2116125,32.11190441907075,118.95183462154543,,,276.9829651031681,,
204,203.2116132,32.111898848866296,118.95183538750294,,,279.1902290583856,,
205,204.2116129,32.11189634475671,118.95183405111511,,,263.9661463232093,,
206,205.2116137,32.111893447013415,118.95183124192091,,,246.54593400274268,,
207,206.2116144,32.11188970422739,118.9518277078715,,,233.85422967658405,,
208,207.2116154,32.11188674909844,118.95182403130725,,,226.13968102948184,,
209,208.2116152,32.11188250391479,118.95181970997324,,,230.01529630947732,,
210,209.2116156,32.11187584494021,118.95181567737282,,,244.1067924491814,,
211,210.2116158,32.11186951052104,118.95181440426232,,,260.5506957077389,,
212,211.2116166,32.11186585434894,118.95181491550144,,,274.2875857725429,,
213,212.2116165,32.11186294590973,118.95181242810496,,,257.18225803931034,,
214,213.2116174,32.11185901663353,118.95180576847201,,,216.01377828601585,,
215,214.2116175,32.11185464018746,118.95180270362698,,,229.87275899696965,,
216,215.2116183,32.11185129047349,118.95180193238834,,,253.6485415980095,,
217,216.2116182,32.1118486573744,118.95180049371619,,,252.41307876186193,,
218,217.2116184,32.11184438889761,118.95179648815764,,,238.75036811952316,,
219,218.2116193,32.11183823695899,118.95179188822678,,,238.71875689495084,,
220,219.2116194,32.111832277219456,118.95178839239728,,,245.47795017642466,,
221,220.2116203,32.11182609385607,118.95178533720235,,,247.73793932177637,,
222,221.2116202,32.111820011493755,118.9517842066032,,,261.645041564846,,
223,222.211621,32.11181686929676,118.95178027070926,,,234.7938301799569,,
224,223.2116209,32.11181084999438,118.95177891021835,,,250.78602081247516,,
225,224.2116212,32.11180528361267,118.95177960407037,,,281.7474799228148,,
226,225.2116226,32.11180334204755,118.95177939088907,,,278.4428070261433,,
227,226.2116225,32.111800781457326,118.95177814415861,,,262.86795698419473,,
228,227.2116231,32.11179457386724,118.95177584195328,,,254.37349603044424,,
229,228.2116234,32.11178863109928,118.95177295789057,,,248.9519976021187,,
230,229.2116235,32.111782291444115,118.95177236258806,,,264.5522105192176,,
231,230.2116246,32.11177813035539,118.95176944649268,,,247.94563338985085,,
232,231.2116243,32.111776330145176,118.95176415002895,,,211.84852859765454,,
233,232.2116245,32.11177397346565,118.95176028729644,,,213.17978931469895,,
234,233.2116256,32.11177002354305,118.95175564015943,,,224.51891153390966,,
235,234.2116253,32.11176575174234,118.95174990671067,,,224.18714340520046,,
236,235.2116258,32.111762695097596,118.951745385026,,,220.79156517301033,,
237,236.2116264,32.111759913481464,118.9517430205682,,,229.5885423913926,,
238,237.2116272,32.11175711385612,118.9517402458971,,,234.5545548758439,,
239,238.2116272,32.111754225462754,118.9517337390877,,,213.90669569417264,,
240,239.2116274,32.11175010029249,118.95172680996271,,,214.03437165914102,,
241,240.2116274,32.11174594742584,118.95172335996723,,,236.32943186337252,,
242,241.2116289,32.11174196832069,118.95172152458991,,,247.35944259129303,,
243,242.2116284,32.11173644942166,118.95171743345655,,,239.9893659351659,,
244,243.2116289,32.11173073442438,118.95171344335046,,,240.9613184876108,,
245,244.2116301,32.11172499057585,118.95170997208491,,,244.73330762916737,,
246,245.2116296,32.11172160178919,118.95170690904854,,,235.65383916868984,,
247,246.2116307,32.1117186462308,118.9517019881619,,,221.86255426932246,,
248,247.2116311,32.111713932897665,118.95169643439344,,,226.83690622435643,,
249,248.2116308,32.111709583045425,118.95169576126682,,,254.7868978095812,,
250,249.2116327,32.111706492430436,118.95169370823947,,,247.52859788962337,,
251,250.2116325,32.11170469599291,118.95168787098096,,,208.3252985659865,,
252,251.2116325,32.1117030481745,118.9516809562157,,,196.5982807342648,,
253,252.2116325,32.11169900975258,118.95167427074274,,,217.06800374448267,,
254,253.2116336,32.11169505110313,118.95166805628268,,,219.41711685986604,,
255,254.2116342,32.11169117569926,118.95166173029205,,,217.72404975755535,,
256,255.211634,32.11168736296784,118.9516554586623,,,217.664316431286,,
257,256.2116342,32.11168346066627,118.95164921317863,,,218.39323928989916,,
258,257.2116349,32.111680561316064,118.95164268864222,,,210.11804876207907,,
259,258.2116005,32.111677691192554,118.95163577017877,,,207.46880028497753,,
260,259.2116027,32.11167362151155,118.9516290898123,,,217.91686588121718,,
261,260.2116046,32.11166986906252,118.95162298396053,,,217.90722213385868,,
262,261.2116052,32.11166613094132,118.95161676403103,,,217.2487785840077,,
263,262.211605,32.11166211141196,118.95161074412923,,,220.20961855301425,,
264,263.2116033,32.11165837680171,118.95160452275181,,,217.4432607894944,,
265,264.2116042,32.11165470334523,118.95159813928372,,,215.87734881281995,,
266,265.2116047,32.1116509988586,118.95159661359823,,,243.28366636338933,,
267,266.211605,32.111646044654265,118.9515961432015,,,261.267058736772,,
268,267.2116258,32.11163957518585,118.9515941991509,,,256.8795350742571,,
269,268.2116278,32.11163306507307,118.95159274700447,,,259.9263689255938,,
270,269.2116297,32.11162681856545,118.95159061969792,,,255.05963106074898,,
271,270.2116303,32.111620443648604,118.95158876807535,,,257.0011603402894,,
272,271.2116313,32.11161420280708,118.95158722412438,,,258.8573124294908,,
273,272.2116323,32.11160764644558,118.95158631197197,,,263.5516670830817,,
274,273.2116339,32.11160072174393,118.9515850997568,,,262.34007328182497,,
275,274.2116346,32.111595926522774,118.95158392262073,,,259.1000433482993,,
276,275.2116352,32.11159320149797,118.95158312154531,,,257.8542879312289,,
277,276.2116368,32.11159099360641,118.95158271507565,,,259.62019338272137,,
278,277.2116379,32.111587638277165,118.95158206018745,,,261.2246010311669,,
279,278.2116382,32.111581681057025,118.95158028169226,,,257.9263916127345,,
280,279.2116401,32.11157578231226,118.95157890520775,,,258.58458714984147,,
281,280.2116406,32.111571489264975,118.95157880287425,,,265.8988993118651,,
282,281.2116412,32.11156669770365,118.95157861850008,,,268.43401037400963,,
283,282.211641,32.11156224129482,118.95157824649678,,,266.55966210115844,,
284,283.2116417,32.111558125279856,118.95157753158944,,,263.19933120406154,,
285,284.2116426,32.11155225648256,118.95157529734232,,,255.37032180846904,,
286,285.2116437,32.11154862569953,118.95156832634122,,,213.94681205749248,,
287,286.2116437,32.111545660409604,118.95156086567178,,,206.10803283984126,,
288,287.2116446,32.111541213733375,118.95155489381897,,,223.00239652508867,,
289,288.2116456,32.111537879343736,118.95154976834772,,,220.09072622110432,,
290,289.2116461,32.11153505116041,118.95154675823883,,,224.4493505851991,,
291,290.2116466,32.11152954278217,118.9515456367485,,,255.7573052007608,,
292,291.211647,32.11152347743901,118.9515438195387,,,258.4829077438404,,
293,292.2116503,32.11151698129595,118.95154234654515,,,258.7854666125669,,
294,293.2116487,32.11151013842033,118.95154073159794,,,259.8834825426775,,
295,294.2116489,32.1115035147028,118.95153922713949,,,259.509062670671,,
296,295.21165,32.11149687586355,118.9515380015435,,,261.98583736252226,,
297,296.2116499,32.11149060341782,118.95153519412898,,,250.97890732261692,,
298,297.2116507,32.11148455513752,118.95153266651909,,,251.2746126303863,,
299,298.2116512,32.11147774273103,118.95153136217,,,261.6256178317392,,
300,299.2116525,32.111471324923734,118.95152832342329,,,249.5791525418931,,
301,300.211653,32.11146692997845,118.9515259651749,,,245.9669132256481,,
302,301.2116531,32.11146279988946,118.95152509343617,,,255.6751610998233,,
303,302.2116537,32.11145848496021,118.95152399241903,,,260.5213938598456,,
304,303.2116542,32.111455203945006,118.9515200302648,,,236.841962068346,,
305,304.2116547,32.11145309705977,118.95151621709778,,,215.56552318150023,,
306,305.2116553,32.11145147539167,118.9515137804551,,,215.58601697237827,,
307,306.2116553,32.11144906514661,118.95150909218479,,,215.65712328445488,,
308,307.2116553,32.11144539718712,118.95150285157,,,216.08464525864235,,
309,308.2116561,32.11144151025913,118.95150093587269,,,239.76949747711228,,
310,309.2116572,32.111437990497606,118.9514989995114,,,246.0851326742212,,
311,310.2116574,32.111434876282324,118.95149456570684,,,227.15001140309607,,
312,311.2116581,32.11143166361241,118.95148875915775,,,215.84776280266192,,
313,312.2116586,32.111427701716146,118.9514818336541,,,215.45056404581533,,
314,313.2116584,32.111423511742885,118.95147955005615,,,241.2097091903953,,
315,314.2116617,32.11141943373211,118.95147969275808,,,264.2777506366783,,
316,315.2116597,32.111415587392436,118.951476830515,,,248.87348406170145,,
317,316.2116598,32.11141269178544,118.95147382003712,,,232.2644938056403,,
318,317.21166,32.11141029032715,118.95147193914177,,,234.14784690369947,,
319,318.2116631,32.11140648513497,118.95146864871622,,,236.15081213180167,,
320,319.2116611,32.11140223182588,118.95146316782107,,,224.6622089633904,,
321,320.2116617,32.11139902400771,118.95145686453465,,,213.3735199858711,,
322,321.2116623,32.1113943945976,118.95145068244936,,,223.5441601435257,,
323,322.2116644,32.111390170320426,118.9514449957002,,,223.6431693849671,,
324,323.2116624,32.11138641906961,118.95143871988361,,,217.10568438834594,,
325,324.211664,32.111379666828654,118.95143659436457,,,253.48461828668417,,
326,325.211664,32.11137496051339,118.9514346022808,,,257.42439724570204,,
327,326.2116642,32.1113716074604,118.95143246992605,,,245.14478700225277,,
328,327.2116641,32.11136706241215,118.95143137177666,,,255.2493467207754,,
329,328.2116654,32.11136287771425,118.95142909509835,,,250.77368821630284,,
330,329.2116657,32.11135882668849,118.9514257974393,,,238.57026894444743,,
331,330.2116653,32.11135347503353,118.95142297737294,,,246.56711269974994,,
332,331.2116666,32.111347292444144,118.95141991530998,,,248.73113335733763,,
333,332.2116667,32.11134133809705,118.95141688247946,,,248.04206258497595,,
334,333.2116675,32.11133530664831,118.9514137032158,,,247.7182180392865,,
335,334.2116678,32.11133141900361,118.95141033944874,,,237.0525606324852,,
336,335.211668,32.11132836618036,118.95140582960228,,,224.57323866699574,,
337,336.2116679,32.111324067705105,118.95139995056255,,,222.51348427095058,,
338,337.2116687,32.111319683049565,118.95139430211667,,,224.50168112012807,,
339,338.2116692,32.11131487454072,118.95138819503815,,,224.94360070735934,,
340,339.2116692,32.11131047761714,118.95138237337277,,,223.78313757871047,,
341,340.2116739,32.111305876032276,118.95137659657959,,,225.24100869099902,,
342,341.2116705,32.11130180170218,118.95137043125682,,,220.20875350345284,,
343,342.2116711,32.11129814477491,118.95136444941446,,,217.61457074070154,,
344,343.2116711,32.11129520074596,118.95136056817026,,,222.50998316036328,,
345,344.2116722,32.111292679733516,118.95135879502004,,,232.44037854023497,,
346,345.2116724,32.111289583696106,118.95135746167706,,,243.40407173049698,,
347,346.2116723,32.11128524585371,118.95135568334459,,,251.24356620628396,,
348,347.2116722,32.11127950256846,118.95135347433984,,,253.25156044372272,,
349,348.2116729,32.111273497961605,118.95135151878874,,,255.40597428098897,,
350,349.2116746,32.111269309469826,118.95134823535446,,,241.93987467612942,,
351,350.2116737,32.11126686743627,118.95134376310811,,,220.53482733603335,,
352,351.2116745,32.111264096541404,118.95134068142825,,,224.75996146953344,,
353,352.2116745,32.11125940069268,118.95133921481111,,,247.83333508575845,,
354,353.2116755,32.11125269747161,118.95133697188106,,,256.48453800352104,,
355,354.2116758,32.11124644920016,118.95133430224787,,,251.05328991883096,,
356,355.2116756,32.11124219510735,118.95133698191279,,,286.7153753005741,,
357,356.2116764,32.1112378878846,118.95133420661176,,,257.3474591957704,,
358,357.211677,32.111234171818616,118.9513274207059,,,207.56332099791757,,
359,358.2116771,32.11123082371908,118.95132482255023,,,227.39043062938515,,
360,359.2116774,32.11122446810675,118.9513252281392,,,264.5815175414285,,
361,360.2116778,32.11121994322539,118.95132498711742,,,289.3075863864708,,
362,361.2116777,32.11121839926822,118.95132194464982,,,269.1046906539335,,
363,362.2116816,32.11121707482956,118.95131533453551,,,173.89838447826162,,
364,363.2116816,32.11121638807283,118.9513069747389,,,286.7492997998663,,
365,364.2116793,32.11121768452553,118.95129929048666,,,201.4545275937844,,
366,365.2116792,32.11121953997248,118.95129167069676,,,154.84025086169208,,
367,366.2116802,32.111222263059965,118.95128423201554,,,156.87010478772368,,
368,367.2116807,32.11122503833907,118.95127698778232,,,153.89771761338557,,
369,368.2116809,32.111227379843754,118.95126954191123,,,158.30186306103235,,
370,369.2116812,32.111229971103015,118.95126305938945,,,153.85310179304906,,
371,370.2116815,32.11123253290256,118.95125819185054,,,146.9860511401481,,
372,371.2116823,32.111234496122584,118.95125429093254,,,147.01731032948544,,
373,372.2116829,32.11123598542274,118.95124976383111,,,154.6037430340433,,
374,373.2116835,32.111238363642926,118.9512424180146,,,157.9951936693069,,
375,374.2116833,32.11124067294581,118.95123651301903,,,152.7930922520626,,
376,375.2116838,32.11124266910569,118.95123399739636,,,143.04292148665354,,
377,376.2116876,32.11124648134385,118.95123005708196,,,134.55895542821156,,
378,377.2116849,32.11125154986756,118.95122305960197,,,136.6471611825873,,
379,378.2116847,32.11125522626998,118.95121677489223,,,144.22706849302108,,
380,379.2116859,32.11125751028509,118.95121363275616,,,141.20427038277876,,
381,380.2116863,32.111259041153694,118.95121186526723,,,137.10030235187514,,
382,381.211686,32.111260411537465,118.95120958660073,,,140.12899602058508,,
383,382.2116867,32.11126198903045,118.95120555281683,,,148.44685458445133,,
384,383.2116868,32.111264029756796,118.95119901714605,,,157.47415600163345,,
385,384.2116356,32.11126631198312,118.95119147192558,,,159.35061022190962,,
386,385.2116343,32.11126787805279,118.95118620986462,,,158.85987424874463,,
387,386.2116328,32.11126886236389,118.95118291382838,,,159.18773219455932,,
388,387.2116334,32.11127022462107,118.95117877118265,,,158.39878464574304,,
389,388.2116303,32.1112719025593,118.95117360413735,,,157.4982405138818,,
390,389.2116292,32.11127291974725,118.9511696741547,,,159.8612968010027,,
391,390.2116257,32.111273400295005,118.95116692115313,,,163.6902187402643,,
392,391.2116262,32.11127394063894,118.95116427858454,,,165.00578537165927,,
393,392.2116213,32.11127495554129,118.95116095212943,,,161.79356592595173,,
394,393.2116162,32.11127630914224,118.95115697515405,,,157.96783340702984,,
395,394.2116181,32.11127774276979,118.95115230769096,,,158.2438363729134,,
396,395.2116171,32.11127889867175,118.95114573297408,,,165.4972935754272,,
397,396.2116162,32.11127972477908,118.95113793509378,,,172.60187443927953,,
398,397.2116166,32.111280593424105,118.95113041300654,,,171.67573001644746,,
399,398.2116169,32.111281613583955,118.95112294550393,,,170.26234290099364,,
400,399.2116163,32.11128259251299,118.95111863037008,,,165.9170289296885,,
401,400.211616,32.11128354642726,118.95111572759953,,,161.97904533855922,,
402,401.2116164,32.11128455707793,118.95111170692601,,,162.29748925027195,,
403,402.211616,32.111285840604474,118.95110539993004,,,164.78502121228644,,
404,403.2116187,32.11128735281451,118.95109730784674,,,166.69577542633215,,
405,404.2116164,32.11128848739394,118.95108929562737,,,169.6168302569008,,
406,405.211617,32.111289093351516,118.95108152141405,,,174.15692484706824,,
407,406.2116172,32.11128946246492,118.95107642352782,,,175.51917248301822,,
408,407.2116171,32.11128974790845,118.9510727848249,,,174.73127363087974,,
409,408.2116168,32.111290101382586,118.95106827230696,,,174.12491047094875,,
410,409.2116195,32.11129117554683,118.95106187379852,,,169.74569817521933,,
411,410.2116169,32.11129262651781,118.95105374265773,,,166.93499389371732,,
412,411.2116176,32.11129328956422,118.95104515212823,,,174.46785556769987,,
413,412.2116184,32.111295563018594,118.95103752726887,,,159.9994082446102,,
414,413.2116175,32.11129663914834,118.95103241650119,,,162.58591569151667,,
415,414.2116177,32.111297093417264,118.95102537076909,,,172.6601411399206,,
416,415.2116183,32.111297841576274,118.95101761566946,,,173.48954628535876,,
417,416.2116189,32.111298604062455,118.95101414995789,,,168.11684819940058,,
418,417.2116195,32.11129925944707,118.95100991887887,,,167.66696136897554,,
419,418.2116189,32.11130016080707,118.95100178190637,,,172.1038640852487,,
420,419.2116195,32.111302298742736,118.95099363420103,,,161.99856298575537,,
421,420.2116205,32.11130447107844,118.95098581367886,,,160.5362382129308,,
422,421.2116205,32.11130611233377,118.95098111833272,,,157.50838271076748,,
423,422.2116196,32.11130766915379,118.95097548483498,,,158.85209340321376,,
424,423.2116205,32.11130928839307,118.9509667529101,,,167.25883501314206,,
425,424.2116205,32.1113105898344,118.95095914878465,,,167.62454157365528,,
426,425.2116212,32.111312059790414,118.95095125293913,,,166.82324655267132,,
427,426.2116235,32.11131348167178,118.95094565198332,,,163.51967418791332,,
428,427.2116218,32.11131453394538,118.9509421572856,,,160.66717051692046,,
429,428.2116215,32.11131540019437,118.95093917584973,,,159.84325993801963,,
430,429.2116218,32.11131707850225,118.9509342021845,,,157.9280291869104,,
431,430.2116215,32.111319362126174,118.95092720265441,,,157.33689404809104,,
432,431.2116243,32.111319630594046,118.9509231368838,,,169.69034913393455,,
433,432.2116232,32.11131949107415,118.95091923653892,,,178.49886443756168,,
434,433.2116222,32.111321124542776,118.95091180034945,,,166.66334606501107,,
435,434.2116235,32.11132245966827,118.95090560496449,,,162.9685914171523,,
436,435.2116239,32.11132315272028,118.9508998767257,,,169.60872146224438,,
437,436.2116233,32.11132442571575,118.9508919657684,,,168.6773516922526,,
438,437.2116235,32.11132615236336,118.95088484395856,,,163.2818378677872,,
439,438.2116237,32.111327736477236,118.95087657593758,,,166.08239907942595,,
440,439.2116238,32.111329271076094,118.95087055489819,,,163.49356447799892,,
441,440.211624,32.11133097555063,118.95086604457278,,,157.22950053254613,,
442,441.2116245,32.111332829072204,118.95086094679534,,,155.20087247470497,,
443,442.2116256,32.11133443331831,118.95085557456126,,,157.64877720775712,,
444,443.2116251,32.11133555270812,118.95085050592475,,,162.80051030052425,,
445,444.2116256,32.111336208344284,118.95084613041168,,,167.8658218257649,,
446,445.2116263,32.111336803943274,118.95084222997838,,,169.21701564668865,,
447,446.2116259,32.111337809458306,118.95083824319424,,,164.45741417654392,,
448,447.2116271,32.111339581433135,118.95083237490194,,,159.64701849599646,,
449,448.2116268,32.1113417376252,118.95082505636795,,,159.5017040881321,,
450,449.2116278,32.11134311365239,118.95081995395216,,,160.73839633136868,,
451,450.2116269,32.11134424403685,118.95081481292064,,,163.0581296523285,,
452,451.211628,32.111345337188965,118.950809133044,,,165.81597929327506,,
453,452.2116274,32.11134610875336,118.95080464800927,,,167.53234741389076,,
454,453.2116277,32.11134677750429,118.9508009972503,,,167.43040719175474,,
455,454.2116281,32.111347618371624,118.95079715423257,,,165.79195593225677,,
456,455.2116284,32.11134826454707,118.95079158808934,,,169.22341106325052,,
457,456.2116292,32.11134874818069,118.95078398257436,,,175.52793711438142,,
458,457.2116294,32.11135008056348,118.95077698055644,,,167.06299455279645,,
459,458.2116293,32.11135040816008,118.95076944305318,,,175.94575892398348,,
460,459.2116302,32.111350490953384,118.95076144517292,,,179.42968936094087,,
461,460.2116301,32.1113516010971,118.95075347257821,,,170.55137245067237,,
462,461.2116306,32.111353124604044,118.95074527317546,,,166.67044863609635,,
463,462.2116309,32.11135417972311,118.95073905994927,,,167.93475253309748,,
464,463.2116309,32.11135500759464,118.95073555657741,,,165.9365629376823,,
465,464.2116315,32.11135642930671,118.95073182958589,,,159.87843569747247,,
466,465.2116312,32.111358400758874,118.95072688373688,,,153.7962621070336,,
467,466.2116348,32.11135975237281,118.95072244795442,,,156.77896651964716,,
468,467.2116324,32.11136129441402,118.95071629637079,,,161.81888457027878,,
469,468.2116326,32.11136353597455,118.95070788250237,,,161.32260963429326,,
470,469.2116323,32.11136454420711,118.95070302405964,,,164.16671243498138,,
471,470.2116328,32.11136576397914,118.95069716955001,,,164.9805776998844,,
472,471.2116349,32.11136749873986,118.95068920973962,,,164.52602306153835,,
473,472.2116333,32.11136919387765,118.95068102910112,,,165.32757069515606,,
474,473.2116334,32.11137072900234,118.95067398174868,,,164.5073337823884,,
475,474.2116343,32.11137153816745,118.95067053525676,,,163.51949570835188,,
476,475.2116343,32.11137219340814,118.95066848083572,,,162.02092919657412,,
477,476.2116349,32.111373386573284,118.950665098158,,,159.4748607119168,,
478,477.2116346,32.11137506747751,118.95065981503181,,,157.75630612877092,,
479,478.2116354,32.11137644523904,118.95065441735457,,,160.41032389045347,,
480,479.2116354,32.111377662688135,118.95064944889232,,,162.90922927633142,,
481,480.2116359,32.11137900524326,118.95064471524239,,,161.40873920493982,,
482,481.2116359,32.11138030923837,118.95063974912644,,,159.93120139986422,,
483,482.2116359,32.111383420900566,118.95063500192174,,,147.50482459656962,,
484,483.2116368,32.11138996695003,118.95063163916446,,,114.30186349087478,,
485,484.2116365,32.11139482238793,118.95063034149358,,,99.54630081414814,,
486,485.211637,32.111398063573766,118.95063023545019,,,96.95178223029325,,
487,486.211637,32.111402089576735,118.95063040673006,,,90.14278537303016,,
488,487.2116382,32.11140844405379,118.95063088883785,,,86.22950451466681,,
489,488.2116382,32.111413836939796,118.95063105454032,,,88.96786131161821,,
490,489.211638,32.11141766713109,118.95063031476204,,,95.32254930363172,,
491,490.2116385,32.11142388205822,118.9506288904068,,,99.89213500480139,,
492,491.2116393,32.11143006149375,118.95062775589248,,,98.47112291274084,,
493,492.2116388,32.11143630478795,118.95062631451272,,,100.10393033457353,,
494,493.2116393,32.111441431706446,118.95062636979888,,,91.80263012948024,,
495,494.2116401,32.111445258207176,118.95062752845011,,,80.65285926523381,,
496,495.2116401,32.111449279581734,118.95062760251398,,,85.9622704655601,,
497,496.2116407,32.11145504437337,118.95062633360625,,,97.55521905221633,,
498,497.2116404,32.111461813772955,118.95062484420538,,,100.31523122348642,,
499,498.2116406,32.11146827091892,118.9506235625508,,,98.76458502376067,,
500,499.2116411,32.111473744871375,118.95062245261808,,,99.21597705501404,,
501,500.2116414,32.11147754946964,118.95062244240313,,,92.82495322685361,,
502,501.211642,32.111483054799514,118.95062215509832,,,92.16840819893673,,
503,502.2116423,32.1114901163144,118.95062203725257,,,91.12640909305333,,
504,503.2116425,32.11149548036968,118.9506223997894,,,86.82781849346372,,
505,504.2116424,32.11149848074174,118.95062251977622,,,87.0709393039142,,
506,505.2116427,32.11150179729404,118.95062254789899,,,88.64383324920345,,
507,506.2116431,32.11150639816194,118.95062258766686,,,89.39972496398707,,
508,507.2116441,32.111509932884346,118.95062254473956,,,90.46115910830213,,
509,508.2116442,32.111512851906696,118.95062229531553,,,92.30458879358719,,
510,509.2116443,32.11151772520366,118.95062168976047,,,94.79809244703767,,
511,510.2116197,32.11152476895322,118.95062018377183,,,99.65090804610145,,
512,511.2116172,32.111530528818754,118.95061880734231,,,100.49359669199589,,
513,512.211616,32.111534188667335,118.95061917312258,,,91.20800724107767,,
514,513.211616,32.111539805531365,118.95062061720014,,,81.0860896117938,,
515,514.2116165,32.11154697923304,118.95062159402532,,,82.75633858985668,,
516,515.2116071,32.11155183062313,118.95062182019738,,,88.83454790244491,,
517,516.2116159,32.11155437618446,118.95062171037937,,,90.75635329111958,,
518,517.2116252,32.11155860588455,118.9506211826237,,,93.25424914027974,,
519,518.2115494,32.11156508941455,118.95062096468479,,,91.99569615046528,,
520,519.2116141,32.11157146724536,118.95062149806085,,,86.20330033244363,,
521,520.2116143,32.11157731547483,118.95062136564442,,,90.6527896786547,,
522,521.2116146,32.11158151928782,118.950620359073,,,98.73123769465258,,
523,522.2116154,32.11158520268859,118.9506198010998,,,97.90134931684247,,
524,523.2116153,32.11158968439342,118.95061986318402,,,90.94362890652849,,
525,524.2116156,32.11159575465289,118.95061970302471,,,91.04647543142505,,
526,525.2116169,32.111602550539175,118.95062005087489,,,87.95367307711138,,
527,526.2116174,32.11160940870939,118.95062082476207,,,84.97932735853112,,
528,527.2116168,32.11161626327921,118.9506217094276,,,84.10696025260586,,
529,528.211617,32.111621069237444,118.95062202768666,,,86.75588213316087,,
530,529.2116177,32.11162338349276,118.95062161422985,,,92.48802960410865,,
531,530.2116179,32.11162534140725,118.95062106635042,,,96.06939274100841,,
532,531.2116193,32.11162885315931,118.95062084715696,,,93.9156599845902,,
533,532.2116193,32.11163410306778,118.95062053178637,,,92.59035057408641,,
534,533.21162,32.111640465499654,118.9506201622558,,,92.77531156417945,,
535,534.2116199,32.11164643357581,118.95062014364453,,,90.17739833592361,,
536,535.2116202,32.11165070520515,118.95061923227591,,,97.0742798586366,,
537,536.21162,32.11165579603146,118.95061754182719,,,103.32137219839876,,
538,537.2116215,32.11166207578627,118.9506155909387,,,104.09824987909917,,
539,538.2116216,32.11166714252354,118.95061412800733,,,102.80071076531442,,
540,539.2116218,32.111670051429535,118.95061350439191,,,101.00575514986667,,
541,540.2116219,32.111672510562336,118.95061324656056,,,98.33662119143742,,
542,541.2116228,32.111676286834665,118.95061294892638,,,94.8396787039784,,
543,542.2116226,32.111682551484066,118.95061261685728,,,92.3295329413993,,
544,543.211623,32.11168832057251,118.95061229374961,,,92.78007928490968,,
545,544.2116237,32.11169091912876,118.95061183581002,,,95.9007743226017,,
546,545.2116244,32.11169510029214,118.95061088979377,,,98.29704947803202,,
547,546.211624,32.11170220394824,118.95060963624391,,,98.07756724556555,,
548,547.2116245,32.11170714087394,118.95060898141186,,,96.66924358939741,,
549,548.2116252,32.11171075036821,118.95060865554939,,,94.33098600485152,,
550,549.2116251,32.11171571889041,118.95060875782609,,,90.44227247765195,,
551,550.2116259,32.11172307879637,118.9506095237817,,,85.39425837933277,,
552,551.2116262,32.111727598990875,118.95061009744357,,,84.01676281333982,,
553,552.2116265,32.11173302902285,118.9506105828758,,,85.56550390907933,,
554,553.2116265,32.11174057599891,118.95061083379998,,,88.61158799294856,,
555,554.2116266,32.11174796874747,118.95061071841648,,,90.61252082380895,,
556,555.2116269,32.111754490488444,118.95061056501865,,,91.04350966880565,,
557,556.2116275,32.1117579578075,118.95061014449594,,,93.74440208024271,,
558,557.2116281,32.11176129349685,118.95060974005337,,,94.9820052502638,,
559,558.2116283,32.11176616794876,118.95060980048302,,,91.24636689906515,,
560,559.2116287,32.1117707738648,118.95061081277014,,,82.5231462547357,,
561,560.2116288,32.11177602089285,118.95061121574193,,,83.9639232218467,,
562,561.2116293,32.11178303956729,118.95060992774026,,,98.38526497860857,,
563,562.2116289,32.11178969486592,118.95060933272178,,,94.13853643641778,,
564,563.2116296,32.11179659000382,118.95060876222823,,,93.7223598665438,,
565,564.2116301,32.111800988481185,118.95060868114486,,,91.61014780684559,,
566,565.2116308,32.11180649668567,118.9506080660061,,,93.9407548338163,,
567,566.2116303,32.11181389184416,118.95060726700595,,,95.13834548638852,,
568,567.2116306,32.11182067609858,118.95060705008265,,,91.50898849427722,,
569,568.2116315,32.111827670545054,118.95060644725434,,,93.77679679590153,,
570,569.2116312,32.11183403602161,118.95060567634613,,,95.49543103843882,,
571,570.2116315,32.111838446833026,118.9506051115265,,,95.7781849312961,,
572,571.2116326,32.11184448265392,118.9506043145735,,,95.88400749729283,,
573,572.211632,32.11185123957993,118.95060314054442,,,97.86006510799575,,
574,573.2116321,32.11185621643908,118.9506026574867,,,94.93141205029633,,
575,574.2116326,32.111860894933265,118.95060297351831,,,88.78283396710356,,
576,575.2116359,32.1118678913112,118.95060302956463,,,89.57110438681786,,
577,576.2116336,32.11187476469604,118.95060267579487,,,92.30760856408347,,
578,577.2116345,32.11188147757456,118.95060204887719,,,94.13768919638255,,
579,578.2116349,32.111886048512744,118.95060149038581,,,95.41715322586992,,
580,579.2116355,32.111890742414765,118.95060085642609,,,95.89919444297504,,
581,580.211635,32.111897800006794,118.95059992291425,,,95.98849383226968,,
582,581.2116349,32.11190432481047,118.95059899234643,,,96.31007177109734,,
583,582.2116363,32.11190684552613,118.95059867883974,,,94.96142122219157,,
584,583.2116358,32.111908823676046,118.95059878827362,,,92.49142019610963,,
585,584.2116365,32.11191458922739,118.95059897791839,,,89.99725088427192,,
586,585.2116371,32.111920432182814,118.95059893688101,,,89.62548359840343,,
587,586.2116373,32.111922878482204,118.95059882877048,,,90.68601645177091,,
588,587.2116373,32.111927764403845,118.95059932336794,,,88.07862429311285,,
589,588.2116373,32.11193469045204,118.9506002720745,,,83.05725256508504,,
590,589.2116381,32.11193822041271,118.95060078066228,,,82.47757492326343,,
591,590.2116376,32.11194132928265,118.95060080676068,,,86.17429093047508,,
592,591.2116388,32.11194612269281,118.95060066598015,,,90.57315942035314,,
593,592.2116385,32.11195091266603,118.95060115489366,,,87.45172204601408,,
594,593.2116396,32.111956158974486,118.95060167824842,,,84.85569958882877,,
595,594.2116396,32.11196247813105,118.95060132484363,,,92.55768760809724,,
596,595.2116395,32.11196666457806,118.95060115281468,,,93.13450267376948,,
597,596.2116399,32.111972153746855,118.95060067925641,,,93.08776796256711,,
598,597.2116404,32.111980155317966,118.9506000608194,,,93.8227523745719,,
599,598.2116429,32.11198727288489,118.95059994888523,,,90.25205232066389,,
600,599.2116407,32.11199141311098,118.95059936495737,,,93.47209550604282,,
